{"stats":{"minecraft:used":{"minecraft:melon_slice":8,"minecraft:bread":1,"minecraft:brick_stairs":2,"minecraft:oak_planks":4,"minecraft:golden_sword":4,"minecraft:crafting_table":1,"minecraft:obsidian":1,"minecraft:brown_bed":5},"minecraft:killed":{"minecraft:pillager":1,"minecraft:spider":1},"minecraft:picked_up":{"minecraft:brown_bed":6,"minecraft:oak_log":3,"minecraft:string":2,"minecraft:iron_axe":1,"minecraft:wheat_seeds":4,"minecraft:rose_bush":1,"minecraft:bread":1,"minecraft:brick_stairs":2,"minecraft:melon_slice":8},"minecraft:custom":{"minecraft:time_since_rest":244,"minecraft:sprint_one_cm":102742,"minecraft:damage_taken":505,"minecraft:walk_one_cm":38016,"minecraft:mob_kills":2,"minecraft:drop":3,"tombstone:raider_killed":1,"minecraft:damage_dealt":362,"minecraft:swim_one_cm":6559,"minecraft:interact_with_crafting_table":1,"minecraft:talked_to_villager":2,"minecraft:fly_one_cm":84599,"minecraft:open_chest":6,"minecraft:crouch_one_cm":738,"minecraft:play_time":13884,"minecraft:deaths":1,"minecraft:sneak_time":282,"minecraft:walk_under_water_one_cm":205,"minecraft:jump":351,"minecraft:leave_game":1,"minecraft:walk_on_water_one_cm":1288,"minecraft:time_since_death":502,"minecraft:sleep_in_bed":4,"minecraft:climb_one_cm":806,"minecraft:total_world_time":13884,"minecraft:fall_one_cm":5914},"minecraft:mined":{"minecraft:brown_bed":4,"minecraft:grass":1,"minecraft:oak_log":3,"minecraft:melon":2,"minecraft:rose_bush":1,"minecraft:tall_grass":2,"minecraft:spruce_leaves":1,"minecraft:fern":1},"minecraft:killed_by":{"minecraft:player":1},"minecraft:dropped":{"minecraft:wheat_seeds":2,"minecraft:rose_bush":1},"minecraft:crafted":{"minecraft:wooden_sword":1,"minecraft:oak_planks":12,"minecraft:crafting_table":1,"minecraft:stick":4}},"DataVersion":3465}