{"stats":{"minecraft:used":{"minecraft:iron_axe":3,"minecraft:oak_planks":4,"minecraft:melon_slice":8,"minecraft:bread":7,"minecraft:brick_stairs":2,"minecraft:iron_pickaxe":51,"minecraft:torch":1,"minecraft:golden_sword":11,"minecraft:crafting_table":1,"minecraft:cooked_porkchop":3,"minecraft:obsidian":1,"minecraft:brown_bed":6},"minecraft:picked_up":{"minecraft:iron_chestplate":2,"minecraft:polished_deepslate_slab":4,"minecraft:cooked_porkchop":3,"biomesoplenty:dried_salt":48,"minecraft:torch":1,"minecraft:brown_bed":7,"paraglider:spirit_orb":2,"minecraft:oak_log":3,"minecraft:dirt":12,"minecraft:string":2,"minecraft:iron_axe":3,"minecraft:armor_stand":2,"minecraft:item_frame":2,"minecraft:beetroot":10,"minecraft:beetroot_seeds":29,"minecraft:wheat_seeds":7,"minecraft:chainmail_leggings":1,"minecraft:sandstone_stairs":1,"minecraft:iron_block":1,"minecraft:rose_bush":1,"minecraft:bread":1,"minecraft:chainmail_helmet":1,"minecraft:iron_pickaxe":2,"minecraft:brick_stairs":2,"minecraft:melon_slice":12,"minecraft:cobblestone":1,"minecraft:iron_boots":1},"minecraft:custom":{"minecraft:time_since_rest":9993,"minecraft:waystone_activated":1,"minecraft:sprint_one_cm":251290,"minecraft:damage_taken":918,"minecraft:walk_one_cm":97700,"minecraft:mob_kills":3,"minecraft:drop":5,"tombstone:raider_killed":1,"minecraft:damage_dealt":718,"minecraft:interact_with_crafting_table":1,"minecraft:swim_one_cm":24972,"minecraft:talked_to_villager":3,"minecraft:fly_one_cm":274355,"minecraft:open_chest":30,"minecraft:play_time":41247,"minecraft:crouch_one_cm":1876,"tombstone:undead_killed":1,"minecraft:deaths":2,"minecraft:sneak_time":517,"minecraft:walk_under_water_one_cm":2507,"minecraft:jump":1136,"minecraft:leave_game":2,"minecraft:time_since_death":10986,"minecraft:walk_on_water_one_cm":10736,"minecraft:sleep_in_bed":4,"minecraft:total_world_time":41247,"minecraft:climb_one_cm":6445,"minecraft:fall_one_cm":24056},"minecraft:killed_by":{"minecraft:player":1},"minecraft:dropped":{"minecraft:wheat_seeds":2,"minecraft:rose_bush":1,"minecraft:iron_axe":1,"minecraft:iron_pickaxe":1},"minecraft:mined":{"minecraft:brown_bed":5,"minecraft:grass":2,"minecraft:grass_block":9,"minecraft:oak_log":3,"minecraft:melon":3,"minecraft:rose_bush":1,"minecraft:dirt":2,"biomesoplenty:dried_salt":48,"minecraft:tall_grass":2,"minecraft:spruce_leaves":1,"minecraft:iron_block":1,"minecraft:wall_torch":1,"minecraft:fern":2,"minecraft:sandstone_stairs":1},"minecraft:killed":{"minecraft:pillager":1,"minecraft:zombie":1,"minecraft:spider":1},"minecraft:crafted":{"minecraft:wooden_sword":1,"minecraft:oak_planks":12,"minecraft:crafting_table":1,"minecraft:stick":4}},"DataVersion":3465}