{"stats":{"minecraft:killed_by":{"minecraft:player":1},"minecraft:mined":{"minecraft:sandstone_slab":3,"minecraft:grass_block":40,"minecraft:melon":3,"minecraft:rose_bush":1,"minecraft:tall_grass":2,"biomesoplenty:dried_salt":48,"minecraft:spruce_leaves":1,"minecraft:sandstone":7,"minecraft:wall_torch":2,"minecraft:sandstone_stairs":6,"minecraft:smooth_stone":1,"minecraft:chiseled_sandstone":1,"minecraft:brown_bed":6,"minecraft:grass":2,"minecraft:oak_log":3,"minecraft:sand":160,"minecraft:dirt":2,"minecraft:stripped_oak_log":26,"minecraft:iron_block":1,"minecraft:birch_fence":1,"minecraft:fern":2},"minecraft:picked_up":{"minecraft:stripped_oak_log":21,"minecraft:iron_chestplate":2,"minecraft:sandstone_slab":1,"biomesoplenty:dried_salt":48,"minecraft:brown_bed":8,"paraglider:spirit_orb":2,"minecraft:oak_log":3,"minecraft:dirt":106,"minecraft:string":2,"minecraft:iron_axe":3,"minecraft:armor_stand":2,"minecraft:item_frame":2,"minecraft:birch_fence":1,"minecraft:beetroot":10,"minecraft:wheat_seeds":7,"minecraft:rose_bush":1,"tombstone:bag_of_seeds":3,"minecraft:iron_pickaxe":2,"minecraft:melon_slice":12,"minecraft:iron_boots":1,"minecraft:stick":12,"minecraft:sandstone":6,"minecraft:polished_deepslate_slab":4,"minecraft:cooked_porkchop":3,"minecraft:torch":1,"minecraft:sand":184,"minecraft:chiseled_sandstone":1,"minecraft:orange_wool":64,"minecraft:beetroot_seeds":29,"minecraft:chainmail_leggings":1,"minecraft:sandstone_stairs":2,"minecraft:iron_block":1,"minecraft:bread":65,"minecraft:chainmail_helmet":1,"minecraft:brick_stairs":2,"minecraft:white_wool":65,"minecraft:cobblestone":1},"minecraft:crafted":{"minecraft:wooden_sword":1,"minecraft:oak_planks":76,"minecraft:crafting_table":2,"minecraft:stick":4,"minecraft:chest":5,"minecraft:sandstone":16},"minecraft:custom":{"minecraft:mob_kills":3,"minecraft:inspect_hopper":1,"tombstone:raider_killed":1,"minecraft:interact_with_crafting_table":5,"minecraft:leave_game":2,"minecraft:time_since_death":35485,"minecraft:sleep_in_bed":5,"minecraft:climb_one_cm":8339,"minecraft:time_since_rest":8865,"minecraft:waystone_activated":2,"minecraft:sprint_one_cm":312933,"minecraft:damage_taken":948,"minecraft:walk_one_cm":181000,"minecraft:drop":17,"minecraft:damage_dealt":718,"minecraft:swim_one_cm":24972,"minecraft:talked_to_villager":3,"minecraft:fly_one_cm":302698,"minecraft:open_chest":73,"minecraft:crouch_one_cm":2127,"minecraft:play_time":65746,"tombstone:undead_killed":1,"minecraft:deaths":2,"minecraft:sneak_time":988,"minecraft:walk_under_water_one_cm":2507,"minecraft:jump":1291,"minecraft:walk_on_water_one_cm":10736,"minecraft:total_world_time":65746,"minecraft:fall_one_cm":27313},"minecraft:used":{"minecraft:iron_shovel":148,"minecraft:sandstone_stairs":1,"minecraft:oak_planks":4,"minecraft:chest":5,"minecraft:sandstone":19,"minecraft:white_wool":15,"minecraft:torch":1,"minecraft:sand":39,"minecraft:crafting_table":2,"minecraft:orange_wool":15,"minecraft:obsidian":1,"minecraft:bread":10,"minecraft:iron_axe":30,"minecraft:melon_slice":8,"minecraft:brick_stairs":2,"minecraft:iron_pickaxe":93,"minecraft:golden_sword":11,"minecraft:cooked_porkchop":3,"minecraft:brown_bed":8},"minecraft:dropped":{"minecraft:wheat_seeds":2,"minecraft:stick":12,"tombstone:bag_of_seeds":2,"minecraft:birch_fence":1,"minecraft:rose_bush":1,"minecraft:sand":95,"minecraft:iron_axe":1,"minecraft:iron_pickaxe":1,"minecraft:white_wool":1,"minecraft:chiseled_sandstone":1},"minecraft:killed":{"minecraft:spider":1,"minecraft:pillager":1,"minecraft:zombie":1}},"DataVersion":3465}