{"stats":{"minecraft:used":{"minecraft:melon_slice":8,"minecraft:bread":1,"minecraft:brick_stairs":2,"minecraft:oak_planks":4,"minecraft:golden_sword":4,"minecraft:crafting_table":1,"minecraft:cooked_porkchop":2,"minecraft:obsidian":1,"minecraft:brown_bed":5},"minecraft:picked_up":{"minecraft:iron_chestplate":2,"minecraft:polished_deepslate_slab":4,"minecraft:cooked_porkchop":3,"minecraft:brown_bed":6,"minecraft:oak_log":3,"minecraft:dirt":12,"minecraft:string":2,"minecraft:iron_axe":1,"minecraft:armor_stand":2,"minecraft:wheat_seeds":4,"minecraft:chainmail_leggings":1,"minecraft:rose_bush":1,"minecraft:chainmail_helmet":1,"minecraft:bread":1,"minecraft:brick_stairs":2,"minecraft:melon_slice":12,"minecraft:iron_boots":1},"minecraft:custom":{"minecraft:time_since_rest":5632,"minecraft:sprint_one_cm":137573,"minecraft:damage_taken":505,"minecraft:walk_one_cm":50153,"minecraft:mob_kills":2,"minecraft:drop":3,"tombstone:raider_killed":1,"minecraft:damage_dealt":366,"minecraft:talked_to_villager":2,"minecraft:swim_one_cm":6559,"minecraft:interact_with_crafting_table":1,"minecraft:fly_one_cm":119862,"minecraft:open_chest":8,"minecraft:crouch_one_cm":1436,"minecraft:play_time":19272,"minecraft:deaths":1,"minecraft:sneak_time":391,"minecraft:walk_under_water_one_cm":205,"minecraft:jump":534,"minecraft:leave_game":1,"minecraft:time_since_death":5890,"minecraft:walk_on_water_one_cm":1288,"minecraft:sleep_in_bed":4,"minecraft:climb_one_cm":1386,"minecraft:total_world_time":19272,"minecraft:fall_one_cm":9970},"minecraft:killed_by":{"minecraft:player":1},"minecraft:dropped":{"minecraft:wheat_seeds":2,"minecraft:rose_bush":1},"minecraft:mined":{"minecraft:brown_bed":4,"minecraft:grass":2,"minecraft:grass_block":9,"minecraft:oak_log":3,"minecraft:melon":3,"minecraft:rose_bush":1,"minecraft:dirt":2,"minecraft:tall_grass":2,"minecraft:spruce_leaves":1,"minecraft:fern":2},"minecraft:killed":{"minecraft:pillager":1,"minecraft:spider":1},"minecraft:crafted":{"minecraft:wooden_sword":1,"minecraft:oak_planks":12,"minecraft:crafting_table":1,"minecraft:stick":4}},"DataVersion":3465}