{"stats":{"minecraft:crafted":{"minecraft:wooden_sword":1,"minecraft:oak_planks":12,"minecraft:crafting_table":1,"minecraft:stick":4},"minecraft:killed_by":{"minecraft:player":1},"minecraft:dropped":{"minecraft:wheat_seeds":2,"minecraft:rose_bush":1,"minecraft:iron_axe":1,"minecraft:iron_pickaxe":1,"minecraft:chiseled_sandstone":1},"minecraft:killed":{"minecraft:spider":1,"minecraft:pillager":1,"minecraft:zombie":1},"minecraft:used":{"minecraft:sandstone_stairs":1,"minecraft:oak_planks":4,"minecraft:torch":1,"minecraft:sand":3,"minecraft:crafting_table":1,"minecraft:obsidian":1,"minecraft:bread":9,"minecraft:iron_axe":3,"minecraft:melon_slice":8,"minecraft:brick_stairs":2,"minecraft:iron_pickaxe":85,"minecraft:golden_sword":11,"minecraft:cooked_porkchop":3,"minecraft:brown_bed":7},"minecraft:mined":{"minecraft:sandstone_slab":1,"minecraft:grass_block":9,"minecraft:melon":3,"minecraft:rose_bush":1,"biomesoplenty:dried_salt":48,"minecraft:tall_grass":2,"minecraft:spruce_leaves":1,"minecraft:sandstone":4,"minecraft:wall_torch":2,"minecraft:sandstone_stairs":3,"minecraft:smooth_stone":1,"minecraft:chiseled_sandstone":1,"minecraft:brown_bed":6,"minecraft:grass":2,"minecraft:oak_log":3,"minecraft:sand":24,"minecraft:dirt":2,"minecraft:iron_block":1,"minecraft:fern":2},"minecraft:picked_up":{"minecraft:iron_chestplate":2,"minecraft:sandstone_slab":1,"biomesoplenty:dried_salt":48,"minecraft:brown_bed":8,"paraglider:spirit_orb":2,"minecraft:oak_log":3,"minecraft:string":2,"minecraft:dirt":12,"minecraft:iron_axe":3,"minecraft:item_frame":2,"minecraft:armor_stand":2,"minecraft:beetroot":10,"minecraft:wheat_seeds":7,"minecraft:rose_bush":1,"minecraft:iron_pickaxe":2,"minecraft:melon_slice":12,"minecraft:iron_boots":1,"minecraft:sandstone":3,"minecraft:polished_deepslate_slab":4,"minecraft:cooked_porkchop":3,"minecraft:torch":1,"minecraft:sand":18,"minecraft:chiseled_sandstone":1,"minecraft:beetroot_seeds":29,"minecraft:chainmail_leggings":1,"minecraft:sandstone_stairs":2,"minecraft:iron_block":1,"minecraft:bread":1,"minecraft:chainmail_helmet":1,"minecraft:brick_stairs":2,"minecraft:cobblestone":1},"minecraft:custom":{"minecraft:mob_kills":3,"minecraft:inspect_hopper":1,"tombstone:raider_killed":1,"minecraft:interact_with_crafting_table":1,"minecraft:leave_game":2,"minecraft:time_since_death":17752,"minecraft:sleep_in_bed":5,"minecraft:climb_one_cm":6841,"minecraft:time_since_rest":6348,"minecraft:waystone_activated":1,"minecraft:sprint_one_cm":292781,"minecraft:damage_taken":918,"minecraft:walk_one_cm":121487,"minecraft:drop":6,"minecraft:damage_dealt":718,"minecraft:swim_one_cm":24972,"minecraft:talked_to_villager":3,"minecraft:fly_one_cm":281868,"minecraft:open_chest":61,"minecraft:crouch_one_cm":1888,"tombstone:undead_killed":1,"minecraft:play_time":48013,"minecraft:deaths":2,"minecraft:sneak_time":538,"minecraft:walk_under_water_one_cm":2507,"minecraft:jump":1181,"minecraft:walk_on_water_one_cm":10736,"minecraft:total_world_time":48013,"minecraft:fall_one_cm":24534}},"DataVersion":3465}