{"stats":{"minecraft:killed_by":{"minecraft:player":1},"minecraft:mined":{"minecraft:sandstone_slab":3,"minecraft:scaffolding":13,"minecraft:orange_wool":9,"minecraft:grass_block":86,"minecraft:melon":3,"minecraft:rose_bush":1,"minecraft:tall_grass":2,"biomesoplenty:dried_salt":48,"minecraft:spruce_leaves":1,"minecraft:sandstone":7,"minecraft:wall_torch":2,"minecraft:sandstone_stairs":6,"minecraft:smooth_stone":1,"minecraft:chiseled_sandstone":1,"minecraft:stone_brick_stairs":3,"minecraft:brown_bed":6,"minecraft:grass":2,"minecraft:oak_log":3,"minecraft:dirt_path":3,"minecraft:sand":160,"minecraft:dirt":23,"minecraft:stripped_oak_log":26,"minecraft:stone_bricks":1,"minecraft:iron_block":1,"minecraft:white_wool":7,"minecraft:birch_fence":1,"minecraft:fern":2},"minecraft:picked_up":{"minecraft:stripped_oak_log":21,"minecraft:iron_chestplate":2,"minecraft:sandstone_slab":1,"biomesoplenty:dried_salt":48,"minecraft:brown_bed":8,"paraglider:spirit_orb":2,"minecraft:stone_brick_stairs":194,"minecraft:oak_log":3,"minecraft:dirt":175,"minecraft:string":2,"minecraft:iron_axe":3,"minecraft:armor_stand":2,"minecraft:item_frame":2,"minecraft:birch_fence":1,"minecraft:beetroot":10,"minecraft:stone_bricks":704,"minecraft:cracked_stone_bricks":128,"minecraft:wheat_seeds":7,"minecraft:rose_bush":1,"tombstone:bag_of_seeds":3,"minecraft:iron_pickaxe":3,"minecraft:melon_slice":12,"minecraft:iron_boots":1,"minecraft:scaffolding":77,"minecraft:stick":12,"minecraft:sandstone":6,"minecraft:polished_deepslate_slab":4,"minecraft:cooked_porkchop":3,"minecraft:torch":1,"minecraft:sand":184,"minecraft:chiseled_sandstone":1,"minecraft:orange_wool":73,"minecraft:rotten_flesh":1,"minecraft:beetroot_seeds":29,"minecraft:chainmail_leggings":1,"minecraft:sandstone_stairs":2,"minecraft:iron_block":1,"minecraft:bread":65,"minecraft:chainmail_helmet":1,"minecraft:brick_stairs":2,"minecraft:white_wool":72,"minecraft:cobblestone":1},"minecraft:crafted":{"minecraft:wooden_sword":1,"minecraft:oak_planks":76,"minecraft:crafting_table":2,"minecraft:stick":4,"minecraft:chest":5,"minecraft:sandstone":16},"minecraft:custom":{"minecraft:mob_kills":7,"minecraft:inspect_hopper":1,"tombstone:raider_killed":1,"minecraft:interact_with_crafting_table":5,"minecraft:leave_game":3,"minecraft:time_since_death":57996,"minecraft:sleep_in_bed":5,"minecraft:climb_one_cm":8613,"minecraft:time_since_rest":6401,"minecraft:waystone_activated":2,"minecraft:sprint_one_cm":330019,"minecraft:damage_taken":1729,"minecraft:walk_one_cm":283863,"minecraft:drop":18,"minecraft:damage_dealt":1515,"minecraft:swim_one_cm":24972,"minecraft:talked_to_villager":3,"minecraft:fly_one_cm":320127,"minecraft:open_chest":77,"minecraft:crouch_one_cm":8130,"minecraft:play_time":88257,"tombstone:undead_killed":4,"minecraft:deaths":2,"minecraft:sneak_time":3481,"minecraft:walk_under_water_one_cm":2507,"minecraft:jump":1482,"minecraft:walk_on_water_one_cm":10736,"minecraft:total_world_time":88257,"minecraft:fall_one_cm":33274},"minecraft:used":{"minecraft:iron_shovel":226,"minecraft:sandstone_stairs":1,"minecraft:oak_planks":4,"minecraft:chest":5,"minecraft:sandstone":19,"minecraft:white_wool":43,"minecraft:torch":1,"minecraft:sand":39,"minecraft:dirt":41,"minecraft:crafting_table":2,"minecraft:orange_wool":42,"minecraft:obsidian":1,"minecraft:bread":23,"minecraft:iron_axe":30,"minecraft:melon_slice":8,"minecraft:brick_stairs":2,"minecraft:iron_pickaxe":97,"minecraft:stone_brick_stairs":9,"minecraft:stone_bricks":69,"minecraft:golden_sword":11,"minecraft:scaffolding":31,"minecraft:cooked_porkchop":3,"minecraft:brown_bed":8},"minecraft:dropped":{"minecraft:wheat_seeds":2,"minecraft:cracked_stone_bricks":64,"minecraft:stick":12,"tombstone:bag_of_seeds":2,"minecraft:birch_fence":1,"minecraft:rose_bush":1,"minecraft:sand":95,"minecraft:iron_axe":1,"minecraft:iron_pickaxe":1,"minecraft:white_wool":1,"minecraft:chiseled_sandstone":1},"minecraft:killed":{"minecraft:spider":1,"minecraft:pillager":1,"minecraft:zombie":4,"alexsmobs:fly":1}},"DataVersion":3465}