{"stats":{"minecraft:killed_by":{"minecraft:player":1},"minecraft:mined":{"minecraft:sandstone_slab":3,"minecraft:scaffolding":79,"minecraft:stone_brick_slab":4,"minecraft:orange_wool":11,"mcwwindows:blackstone_four_window":12,"minecraft:dark_oak_fence":1,"simpleradio:speaker":1,"minecraft:stone_brick_wall":2,"minecraft:grass_block":86,"minecraft:melon":3,"minecraft:rose_bush":1,"minecraft:tall_grass":2,"biomesoplenty:dried_salt":48,"minecraft:spruce_leaves":1,"minecraft:sandstone":7,"minecraft:wall_torch":2,"minecraft:sandstone_stairs":6,"minecraft:smooth_stone":1,"minecraft:chiseled_sandstone":1,"minecraft:stone_brick_stairs":16,"minecraft:brown_bed":6,"minecraft:grass":2,"minecraft:oak_log":5,"minecraft:dirt_path":3,"minecraft:gravel":6,"minecraft:sand":162,"minecraft:dirt":24,"minecraft:stripped_oak_log":26,"minecraft:stone_bricks":14,"minecraft:iron_block":1,"minecraft:white_wool":7,"minecraft:birch_fence":1,"minecraft:fern":2},"minecraft:picked_up":{"minecraft:stripped_oak_log":21,"minecraft:iron_chestplate":2,"minecraft:sandstone_slab":1,"biomesoplenty:dried_salt":48,"minecraft:brown_bed":8,"minecraft:stone_brick_wall":1,"paraglider:spirit_orb":2,"minecraft:stone_brick_stairs":205,"minecraft:oak_log":5,"minecraft:dirt":175,"minecraft:string":4,"minecraft:lantern":64,"minecraft:iron_axe":3,"simpleradio:transceiver":1,"minecraft:armor_stand":2,"minecraft:item_frame":2,"minecraft:bone":5,"minecraft:birch_fence":1,"minecraft:beetroot":10,"minecraft:stone_bricks":780,"minecraft:cracked_stone_bricks":128,"minecraft:wheat_seeds":7,"minecraft:rose_bush":1,"tombstone:bag_of_seeds":3,"rechiseled:chisel":1,"minecraft:iron_pickaxe":3,"minecraft:melon_slice":12,"minecraft:iron_boots":1,"minecraft:scaffolding":346,"minecraft:stick":12,"minecraft:sandstone":6,"minecraft:polished_deepslate_slab":4,"minecraft:cooked_porkchop":3,"immersive_melodies:tiny_drum":1,"minecraft:stone_brick_slab":4,"minecraft:torch":1,"minecraft:gravel":12,"minecraft:sand":186,"simpleradio:speaker":1,"minecraft:spider_eye":1,"minecraft:chiseled_sandstone":1,"minecraft:orange_wool":75,"minecraft:arrow":5,"minecraft:rotten_flesh":8,"minecraft:beetroot_seeds":29,"minecraft:chainmail_leggings":1,"minecraft:sandstone_stairs":2,"minecraft:iron_block":1,"minecraft:bread":65,"minecraft:chainmail_helmet":1,"minecraft:lodestone":1,"supplementaries:ash":2,"minecraft:brick_stairs":2,"mcwwindows:blackstone_four_window":12,"minecraft:dark_oak_fence":67,"create_jetpack:jetpack":2,"minecraft:white_wool":72,"minecraft:cobblestone":1},"minecraft:crafted":{"minecraft:wooden_sword":1,"minecraft:oak_planks":84,"minecraft:stone_brick_wall":48,"minecraft:crafting_table":3,"minecraft:stone_brick_slab":18,"minecraft:stick":4,"minecraft:chest":5,"minecraft:sandstone":16},"minecraft:custom":{"minecraft:mob_kills":15,"minecraft:inspect_hopper":1,"tombstone:raider_killed":1,"minecraft:interact_with_crafting_table":10,"minecraft:leave_game":3,"minecraft:time_since_death":59464,"minecraft:sleep_in_bed":7,"minecraft:climb_one_cm":74236,"minecraft:time_since_rest":27415,"minecraft:waystone_activated":2,"minecraft:sprint_one_cm":369357,"minecraft:damage_taken":5618,"minecraft:walk_one_cm":503712,"minecraft:drop":32,"minecraft:damage_dealt":2857,"minecraft:swim_one_cm":28525,"minecraft:talked_to_villager":3,"minecraft:fly_one_cm":569977,"minecraft:open_chest":83,"minecraft:crouch_one_cm":14214,"minecraft:play_time":190257,"tombstone:undead_killed":9,"minecraft:deaths":5,"minecraft:sneak_time":8193,"minecraft:walk_under_water_one_cm":3351,"minecraft:jump":2357,"minecraft:walk_on_water_one_cm":11589,"minecraft:total_world_time":190257,"minecraft:fall_one_cm":64323},"minecraft:used":{"minecraft:iron_shovel":226,"minecraft:sandstone_stairs":1,"minecraft:lodestone":1,"minecraft:oak_planks":4,"minecraft:chest":5,"minecraft:sandstone":19,"minecraft:white_wool":43,"minecraft:torch":1,"minecraft:sand":41,"minecraft:dirt":42,"minecraft:crafting_table":3,"minecraft:orange_wool":44,"minecraft:stone_brick_wall":48,"minecraft:obsidian":1,"minecraft:stone_brick_slab":15,"minecraft:lantern":6,"minecraft:bread":70,"minecraft:iron_axe":30,"minecraft:melon_slice":8,"minecraft:brick_stairs":2,"minecraft:iron_pickaxe":163,"minecraft:stone_brick_stairs":80,"minecraft:stone_bricks":371,"minecraft:golden_sword":11,"minecraft:scaffolding":332,"minecraft:cooked_porkchop":3,"minecraft:dark_oak_fence":34,"tombstone:gift":2,"minecraft:brown_bed":8},"minecraft:dropped":{"minecraft:gravel":12,"minecraft:wheat_seeds":2,"minecraft:cracked_stone_bricks":64,"minecraft:stick":12,"tombstone:bag_of_seeds":2,"minecraft:birch_fence":1,"minecraft:dark_oak_fence":2,"minecraft:rose_bush":1,"minecraft:sand":95,"minecraft:iron_axe":1,"minecraft:iron_pickaxe":1,"minecraft:white_wool":1,"minecraft:chiseled_sandstone":1},"minecraft:killed":{"minecraft:spider":4,"minecraft:skeleton":2,"minecraft:pillager":1,"minecraft:zombie":7,"alexsmobs:fly":1}},"DataVersion":3465}