{"stats":{"minecraft:used":{"minecraft:armor_stand":1,"minecraft:ladder":1,"minecraft:shield":3,"minecraft:iron_sword":365,"minecraft:carrot":31,"minecraft:lava_bucket":4,"minecraft:iron_axe":140,"minecraft:smooth_sandstone":24,"minecraft:furnace":1,"tombstone:gift":2,"minecraft:cooked_beef":3,"minecraft:potato":30,"minecraft:brown_bed":11,"cataclysm:kobolediator_skull":1,"farmersdelight:iron_knife":1,"minecraft:water_bucket":10,"minecraft:oak_planks":137,"cataclysm:khopesh":1,"minecraft:sandstone":2,"minecraft:cut_sandstone":9,"minecraft:crafting_table":3,"minecraft:oak_log":1,"minecraft:apple":10,"minecraft:chiseled_sandstone":1,"minecraft:bread":37,"minecraft:melon_slice":36,"minecraft:iron_pickaxe":113,"minecraft:bucket":14,"alexsmobs:animal_dictionary":1},"minecraft:custom":{"minecraft:interact_with_smithing_table":1,"minecraft:interact_with_anvil":1,"minecraft:mob_kills":34,"minecraft:interact_with_crafting_table":16,"minecraft:open_barrel":7,"minecraft:leave_game":5,"minecraft:time_since_death":7363,"minecraft:climb_one_cm":12138,"minecraft:sprint_one_cm":475442,"minecraft:walk_one_cm":211633,"minecraft:damage_blocked_by_shield":120,"minecraft:drop":65,"minecraft:talked_to_villager":3,"minecraft:play_time":117613,"minecraft:sneak_time":6754,"minecraft:deaths":6,"minecraft:walk_under_water_one_cm":15614,"minecraft:interact_with_brewingstand":1,"minecraft:jump":3487,"minecraft:interact_with_blast_furnace":1,"minecraft:walk_on_water_one_cm":12541,"minecraft:total_world_time":117613,"minecraft:interact_with_furnace":37,"tombstone:raider_killed":8,"minecraft:tune_noteblock":2,"minecraft:sleep_in_bed":7,"minecraft:time_since_rest":6848,"minecraft:damage_taken":4163,"minecraft:damage_dealt":9359,"minecraft:player_kills":2,"minecraft:swim_one_cm":36629,"minecraft:fly_one_cm":795427,"minecraft:open_chest":69,"minecraft:crouch_one_cm":26638,"tombstone:undead_killed":19,"minecraft:fall_one_cm":86227,"minecraft:inspect_dispenser":1},"minecraft:killed":{"minecraft:spider":5,"minecraft:skeleton":3,"cataclysm:kobolediator":1,"cataclysm:koboleton":7,"minecraft:husk":2,"minecraft:pillager":8,"minecraft:zombie":6},"minecraft:dropped":{"minecraft:bread":1,"farmersdelight:iron_knife":1,"minecraft:iron_sword":1,"minecraft:oak_slab":6,"butchersdelight:dead_cow":5,"minecraft:wheat_seeds":42,"minecraft:mossy_cobblestone":1,"minecraft:cooked_porkchop":3,"minecraft:book":2,"minecraft:iron_horse_armor":1,"minecraft:saddle":1,"minecraft:flint":1,"minecraft:dirt":3,"tombstone:grave_dust":1,"minecraft:potion":1,"minecraft:iron_axe":1,"minecraft:chainmail_leggings":1,"minecraft:string":6,"valhelsia_structures:unlit_lantern":1,"butchersdelight:cow_hide":12,"cataclysm:khopesh":1,"minecraft:armor_stand":2,"minecraft:furnace":1,"minecraft:anvil":1,"alexsmobs:animal_dictionary":1,"minecraft:raw_copper":9,"minecraft:raw_iron":36,"minecraft:polished_deepslate_slab":4,"minecraft:rotten_flesh":1,"minecraft:iron_boots":1,"minecraft:oak_planks":9,"minecraft:potato":2,"minecraft:shield":1,"minecraft:gunpowder":62,"minecraft:brick_stairs":2,"minecraft:spruce_trapdoor":1,"minecraft:iron_chestplate":1,"minecraft:chest":2,"minecraft:chainmail_boots":1,"minecraft:brown_bed":2,"minecraft:raw_gold":2},"minecraft:crafted":{"minecraft:oak_planks":104,"minecraft:chest":1,"minecraft:wheat":9,"minecraft:cooked_beef":14,"minecraft:crafting_table":1,"farmersdelight:iron_knife":1,"minecraft:bread":18,"minecraft:air":0,"minecraft:shield":1,"minecraft:iron_ingot":10,"minecraft:iron_leggings":1},"minecraft:mined":{"minecraft:white_bed":1,"minecraft:mossy_cobblestone":3,"minecraft:ladder":1,"minecraft:spruce_trapdoor":1,"cataclysm:sandstone_ignite_trap":10,"biomesoplenty:bush":2,"minecraft:grass_block":4,"cataclysm:kobolediator_skull":1,"minecraft:sandstone":2,"biomesoplenty:dune_grass":1,"minecraft:spawner":1,"minecraft:hay_block":1,"minecraft:raw_iron_block":1,"minecraft:furnace":3,"minecraft:carrots":48,"minecraft:iron_ore":15,"minecraft:chiseled_sandstone":1,"valhelsia_structures:cracked_big_glazed_jar":1,"minecraft:pumpkin":2,"minecraft:anvil":1,"minecraft:gold_block":2,"minecraft:enchanting_table":1,"minecraft:brown_bed":8,"butchersdelight:deadcowblockskinned":1,"minecraft:potatoes":49,"minecraft:polished_deepslate_slab":3,"minecraft:vine":2,"minecraft:smooth_sandstone_stairs":7,"minecraft:tripwire":2,"minecraft:oak_slab":6,"minecraft:cut_sandstone":10,"valhelsia_structures:unlit_lantern":1,"minecraft:melon_stem":1,"minecraft:crafting_table":3,"minecraft:smooth_sandstone":26,"minecraft:melon":17,"minecraft:tall_grass":7,"minecraft:cobblestone":8,"minecraft:oak_planks":60,"minecraft:wheat":51,"minecraft:grass":8,"cataclysm:sandstone_falling_trap":8,"minecraft:oak_log":35,"minecraft:coal_ore":8,"minecraft:beetroots":50,"minecraft:tripwire_hook":4,"minecraft:dispenser":1,"minecraft:oak_leaves":3,"minecraft:fern":8},"minecraft:picked_up":{"minecraft:crafting_table":2,"minecraft:iron_chestplate":3,"minecraft:wheat":42,"minecraft:ladder":1,"minecraft:anvil":1,"minecraft:brown_bed":13,"minecraft:gold_block":2,"minecraft:potion":1,"minecraft:shield":2,"minecraft:string":4,"minecraft:raw_copper":2,"minecraft:iron_axe":1,"minecraft:armor_stand":3,"minecraft:white_carpet":2,"butchersdelight:dead_cow":9,"minecraft:beef":13,"cataclysm:khopesh":2,"minecraft:melon_slice":92,"biomesoplenty:wildflower":3,"minecraft:chest":1,"minecraft:spruce_trapdoor":1,"minecraft:furnace":2,"minecraft:iron_boots":2,"minecraft:polished_deepslate_slab":4,"minecraft:stick":1,"minecraft:raw_iron":39,"minecraft:sandstone":2,"minecraft:copper_ingot":5,"minecraft:torch":1,"cataclysm:kobolediator_skull":2,"sophisticatedbackpacks:backpack":1,"minecraft:porkchop":12,"tombstone:grave_dust":4,"minecraft:carrot":129,"minecraft:arrow":1,"minecraft:rotten_flesh":3,"minecraft:decorated_pot":1,"minecraft:hay_block":1,"minecraft:brick_stairs":2,"minecraft:cobblestone":1,"minecraft:enchanting_table":1,"minecraft:tripwire_hook":2,"minecraft:cut_sandstone":10,"minecraft:potato":178,"paraglider:spirit_orb":1,"minecraft:flint":1,"minecraft:smooth_sandstone_stairs":7,"minecraft:oak_log":34,"minecraft:gunpowder":32,"minecraft:dirt":3,"cataclysm:koboleton_bone":12,"minecraft:smooth_sandstone":25,"farmersdelight:iron_knife":1,"minecraft:wheat_seeds":42,"minecraft:dark_oak_sign":2,"minecraft:iron_sword":1,"minecraft:oak_planks":60,"minecraft:book":1,"minecraft:oak_slab":6,"minecraft:pumpkin":1,"butchersdelight:cow_hide":12,"minecraft:white_bed":1,"farmersdelight:ham":6,"minecraft:chiseled_sandstone":1,"minecraft:mossy_cobblestone":1,"cataclysm:sandstone_falling_trap":1,"cataclysm:ancient_metal_ingot":2,"cataclysm:ancient_metal_nugget":3,"minecraft:golden_apple":1,"valhelsia_structures:unlit_lantern":1,"minecraft:coal":30}},"DataVersion":3465}