{"stats":{"minecraft:used":{"minecraft:oak_log":1,"minecraft:apple":8,"minecraft:lava_bucket":3,"minecraft:oak_planks":18,"minecraft:iron_axe":51,"minecraft:iron_pickaxe":16,"minecraft:ladder":1,"minecraft:iron_sword":11,"minecraft:crafting_table":1,"minecraft:furnace":1,"minecraft:carrot":9,"minecraft:bucket":3,"minecraft:brown_bed":2},"minecraft:killed":{"minecraft:zombie":2},"minecraft:picked_up":{"minecraft:oak_slab":6,"minecraft:crafting_table":2,"minecraft:iron_chestplate":2,"minecraft:raw_iron":3,"minecraft:anvil":1,"minecraft:ladder":1,"minecraft:pumpkin":1,"minecraft:brown_bed":4,"minecraft:flint":1,"minecraft:oak_log":27,"minecraft:armor_stand":2,"minecraft:rotten_flesh":1,"minecraft:hay_block":1,"minecraft:dark_oak_sign":2,"minecraft:brick_stairs":2,"minecraft:melon_slice":7,"minecraft:cobblestone":1,"minecraft:spruce_trapdoor":1,"minecraft:iron_boots":1,"minecraft:furnace":2},"minecraft:custom":{"minecraft:interact_with_smithing_table":1,"minecraft:time_since_rest":15219,"minecraft:interact_with_furnace":13,"minecraft:sprint_one_cm":74006,"minecraft:damage_taken":232,"minecraft:walk_one_cm":38825,"minecraft:interact_with_anvil":1,"minecraft:mob_kills":3,"minecraft:drop":5,"minecraft:damage_dealt":606,"minecraft:interact_with_crafting_table":6,"minecraft:fly_one_cm":62416,"minecraft:open_chest":7,"minecraft:crouch_one_cm":2221,"minecraft:play_time":15219,"tombstone:undead_killed":2,"minecraft:sneak_time":546,"minecraft:jump":336,"minecraft:leave_game":1,"minecraft:time_since_death":15219,"minecraft:climb_one_cm":3707,"minecraft:total_world_time":15219,"minecraft:inspect_dispenser":1,"minecraft:fall_one_cm":6140},"minecraft:mined":{"minecraft:hay_block":1,"minecraft:oak_slab":6,"minecraft:furnace":2,"minecraft:mossy_cobblestone":2,"minecraft:iron_ore":3,"minecraft:pumpkin":2,"minecraft:anvil":1,"minecraft:crafting_table":2,"minecraft:brown_bed":4,"minecraft:spruce_trapdoor":1,"minecraft:ladder":1,"minecraft:grass":1,"minecraft:oak_log":28,"minecraft:melon":1,"minecraft:cobblestone":7,"minecraft:dispenser":1},"minecraft:dropped":{"minecraft:spruce_trapdoor":1,"minecraft:rotten_flesh":1,"minecraft:iron_horse_armor":1,"minecraft:saddle":1,"minecraft:flint":1},"minecraft:crafted":{"minecraft:oak_planks":72,"minecraft:shield":1,"minecraft:iron_ingot":10,"minecraft:iron_leggings":1,"minecraft:wheat":9,"minecraft:air":0}},"DataVersion":3465}