{"stats":{"minecraft:used":{"minecraft:ladder":1,"minecraft:oak_planks":21,"minecraft:iron_sword":74,"minecraft:crafting_table":1,"minecraft:carrot":11,"minecraft:oak_log":1,"minecraft:lava_bucket":3,"minecraft:apple":10,"minecraft:iron_axe":52,"minecraft:bread":7,"minecraft:iron_pickaxe":20,"minecraft:furnace":1,"minecraft:bucket":3,"minecraft:potato":3,"minecraft:brown_bed":4},"minecraft:killed":{"minecraft:spider":3,"minecraft:skeleton":2,"minecraft:pillager":6,"minecraft:zombie":4},"minecraft:picked_up":{"minecraft:enchanting_table":1,"minecraft:iron_chestplate":2,"minecraft:crafting_table":2,"minecraft:ladder":1,"minecraft:anvil":1,"minecraft:brown_bed":5,"minecraft:flint":1,"minecraft:oak_log":27,"minecraft:iron_axe":1,"minecraft:armor_stand":2,"butchersdelight:dead_cow":1,"minecraft:dark_oak_sign":2,"minecraft:melon_slice":16,"minecraft:spruce_trapdoor":1,"minecraft:furnace":2,"minecraft:iron_boots":1,"minecraft:oak_slab":6,"minecraft:raw_iron":3,"minecraft:polished_deepslate_slab":4,"minecraft:pumpkin":1,"tombstone:grave_dust":1,"minecraft:rotten_flesh":1,"minecraft:hay_block":1,"minecraft:brick_stairs":2,"minecraft:cobblestone":1},"minecraft:custom":{"minecraft:interact_with_smithing_table":1,"minecraft:interact_with_furnace":13,"minecraft:mob_kills":16,"minecraft:interact_with_anvil":1,"tombstone:raider_killed":6,"minecraft:tune_noteblock":2,"minecraft:interact_with_crafting_table":6,"minecraft:open_barrel":6,"minecraft:leave_game":1,"minecraft:time_since_death":9767,"minecraft:sleep_in_bed":2,"minecraft:climb_one_cm":6586,"minecraft:time_since_rest":4336,"minecraft:sprint_one_cm":139353,"minecraft:damage_taken":979,"minecraft:walk_one_cm":59789,"minecraft:drop":11,"minecraft:damage_dealt":3628,"minecraft:talked_to_villager":1,"minecraft:swim_one_cm":2592,"minecraft:fly_one_cm":163301,"minecraft:open_chest":14,"minecraft:crouch_one_cm":2544,"minecraft:play_time":27219,"tombstone:undead_killed":6,"minecraft:deaths":1,"minecraft:sneak_time":633,"minecraft:walk_under_water_one_cm":330,"minecraft:jump":741,"minecraft:walk_on_water_one_cm":450,"minecraft:total_world_time":27219,"minecraft:fall_one_cm":14761,"minecraft:inspect_dispenser":1},"minecraft:mined":{"minecraft:oak_slab":6,"minecraft:mossy_cobblestone":2,"minecraft:crafting_table":2,"minecraft:spruce_trapdoor":1,"minecraft:ladder":1,"minecraft:melon":3,"minecraft:tall_grass":7,"minecraft:cobblestone":7,"minecraft:hay_block":1,"minecraft:furnace":2,"minecraft:iron_ore":3,"minecraft:pumpkin":2,"minecraft:anvil":1,"minecraft:enchanting_table":1,"minecraft:brown_bed":5,"minecraft:grass":4,"minecraft:oak_log":28,"minecraft:polished_deepslate_slab":3,"minecraft:dispenser":1},"minecraft:crafted":{"minecraft:oak_planks":104,"minecraft:air":0,"minecraft:shield":1,"minecraft:iron_ingot":10,"minecraft:iron_leggings":1,"minecraft:wheat":9},"minecraft:dropped":{"minecraft:bread":1,"minecraft:oak_slab":6,"minecraft:rotten_flesh":1,"minecraft:iron_horse_armor":1,"minecraft:saddle":1,"minecraft:flint":1,"minecraft:brick_stairs":2,"minecraft:spruce_trapdoor":1,"minecraft:iron_axe":1,"minecraft:string":2,"minecraft:armor_stand":2}},"DataVersion":3465}