{"stats":{"minecraft:used":{"minecraft:lava_bucket":1,"minecraft:iron_axe":4,"minecraft:bucket":1,"minecraft:iron_pickaxe":3},"minecraft:picked_up":{"minecraft:raw_iron":3,"minecraft:iron_chestplate":2,"minecraft:armor_stand":2,"minecraft:brown_bed":2,"minecraft:dark_oak_sign":2,"minecraft:iron_boots":1},"minecraft:custom":{"minecraft:time_since_rest":3219,"minecraft:open_chest":3,"minecraft:crouch_one_cm":205,"minecraft:play_time":3219,"minecraft:sprint_one_cm":11467,"minecraft:walk_one_cm":5541,"minecraft:sneak_time":49,"minecraft:jump":95,"minecraft:damage_dealt":0,"minecraft:leave_game":1,"minecraft:time_since_death":3219,"minecraft:total_world_time":3219,"minecraft:climb_one_cm":893,"minecraft:fall_one_cm":1312,"minecraft:fly_one_cm":19840},"minecraft:mined":{"minecraft:iron_ore":3,"minecraft:brown_bed":2}},"DataVersion":3465}