{"stats":{"minecraft:mined":{"minecraft:mossy_cobblestone":3,"minecraft:spruce_trapdoor":1,"minecraft:ladder":1,"biomesoplenty:bush":2,"minecraft:grass_block":3,"minecraft:spawner":1,"minecraft:hay_block":1,"minecraft:raw_iron_block":1,"minecraft:furnace":3,"minecraft:carrots":48,"minecraft:iron_ore":15,"valhelsia_structures:cracked_big_glazed_jar":1,"minecraft:pumpkin":2,"minecraft:anvil":1,"minecraft:enchanting_table":1,"minecraft:gold_block":2,"minecraft:brown_bed":8,"minecraft:potatoes":49,"butchersdelight:deadcowblockskinned":1,"minecraft:polished_deepslate_slab":3,"minecraft:vine":2,"minecraft:oak_slab":6,"valhelsia_structures:unlit_lantern":1,"minecraft:melon_stem":1,"minecraft:crafting_table":3,"minecraft:melon":17,"minecraft:tall_grass":7,"minecraft:cobblestone":8,"minecraft:oak_planks":53,"minecraft:wheat":51,"minecraft:grass":8,"minecraft:coal_ore":8,"minecraft:oak_log":28,"minecraft:beetroots":50,"minecraft:dispenser":1,"minecraft:oak_leaves":2,"minecraft:fern":8},"minecraft:picked_up":{"minecraft:iron_chestplate":3,"minecraft:crafting_table":2,"minecraft:wheat":42,"minecraft:ladder":1,"minecraft:anvil":1,"minecraft:brown_bed":13,"minecraft:gold_block":2,"minecraft:potion":1,"minecraft:string":4,"minecraft:raw_copper":2,"minecraft:iron_axe":1,"minecraft:armor_stand":3,"butchersdelight:dead_cow":9,"minecraft:beef":13,"minecraft:melon_slice":92,"minecraft:chest":1,"minecraft:spruce_trapdoor":1,"minecraft:iron_boots":2,"minecraft:furnace":2,"minecraft:raw_iron":39,"minecraft:stick":1,"minecraft:polished_deepslate_slab":4,"minecraft:copper_ingot":5,"sophisticatedbackpacks:backpack":1,"minecraft:porkchop":12,"tombstone:grave_dust":1,"minecraft:carrot":129,"minecraft:rotten_flesh":1,"minecraft:hay_block":1,"minecraft:brick_stairs":2,"minecraft:cobblestone":1,"minecraft:enchanting_table":1,"minecraft:potato":178,"paraglider:spirit_orb":1,"minecraft:flint":1,"minecraft:oak_log":27,"minecraft:gunpowder":32,"minecraft:dirt":2,"farmersdelight:iron_knife":1,"minecraft:wheat_seeds":42,"minecraft:dark_oak_sign":2,"minecraft:oak_planks":54,"minecraft:iron_sword":1,"minecraft:book":1,"minecraft:oak_slab":6,"minecraft:pumpkin":1,"butchersdelight:cow_hide":12,"farmersdelight:ham":6,"minecraft:mossy_cobblestone":1,"valhelsia_structures:unlit_lantern":1,"minecraft:coal":30},"minecraft:crafted":{"minecraft:oak_planks":104,"minecraft:chest":1,"minecraft:wheat":9,"minecraft:cooked_beef":6,"minecraft:crafting_table":1,"farmersdelight:iron_knife":1,"minecraft:bread":18,"minecraft:air":0,"minecraft:shield":1,"minecraft:iron_ingot":10,"minecraft:iron_leggings":1},"minecraft:custom":{"minecraft:interact_with_smithing_table":1,"minecraft:mob_kills":22,"minecraft:interact_with_anvil":1,"minecraft:interact_with_crafting_table":14,"minecraft:open_barrel":7,"minecraft:leave_game":5,"minecraft:time_since_death":65145,"minecraft:climb_one_cm":12138,"minecraft:sprint_one_cm":343071,"minecraft:walk_one_cm":141899,"minecraft:drop":58,"minecraft:talked_to_villager":3,"minecraft:play_time":82597,"minecraft:deaths":1,"minecraft:sneak_time":3510,"minecraft:walk_under_water_one_cm":3937,"minecraft:jump":2541,"minecraft:interact_with_brewingstand":1,"minecraft:walk_on_water_one_cm":5729,"minecraft:total_world_time":82597,"minecraft:interact_with_furnace":30,"tombstone:raider_killed":8,"minecraft:tune_noteblock":2,"minecraft:sleep_in_bed":7,"minecraft:time_since_rest":18743,"minecraft:damage_taken":1332,"minecraft:damage_dealt":5540,"minecraft:swim_one_cm":33092,"minecraft:fly_one_cm":583232,"minecraft:player_kills":1,"minecraft:open_chest":61,"minecraft:crouch_one_cm":16440,"tombstone:undead_killed":8,"minecraft:fall_one_cm":60682,"minecraft:inspect_dispenser":1},"minecraft:used":{"minecraft:armor_stand":1,"minecraft:ladder":1,"minecraft:iron_sword":260,"minecraft:carrot":31,"minecraft:lava_bucket":4,"minecraft:iron_axe":120,"minecraft:furnace":1,"minecraft:potato":30,"minecraft:brown_bed":10,"farmersdelight:iron_knife":1,"minecraft:oak_planks":101,"minecraft:crafting_table":3,"minecraft:oak_log":1,"minecraft:apple":10,"minecraft:melon_slice":33,"minecraft:bread":8,"minecraft:iron_pickaxe":49,"minecraft:bucket":4,"alexsmobs:animal_dictionary":1},"minecraft:dropped":{"minecraft:bread":1,"farmersdelight:iron_knife":1,"minecraft:iron_sword":1,"minecraft:oak_slab":6,"butchersdelight:dead_cow":5,"minecraft:wheat_seeds":42,"minecraft:mossy_cobblestone":1,"minecraft:cooked_porkchop":3,"minecraft:book":2,"minecraft:iron_horse_armor":1,"minecraft:saddle":1,"minecraft:flint":1,"minecraft:dirt":2,"tombstone:grave_dust":1,"minecraft:potion":1,"minecraft:iron_axe":1,"minecraft:chainmail_leggings":1,"minecraft:string":6,"valhelsia_structures:unlit_lantern":1,"butchersdelight:cow_hide":12,"minecraft:armor_stand":2,"minecraft:furnace":1,"minecraft:anvil":1,"alexsmobs:animal_dictionary":1,"minecraft:raw_copper":9,"minecraft:raw_iron":36,"minecraft:polished_deepslate_slab":4,"minecraft:rotten_flesh":1,"minecraft:oak_planks":1,"minecraft:iron_boots":1,"minecraft:potato":2,"minecraft:gunpowder":62,"minecraft:brick_stairs":2,"minecraft:spruce_trapdoor":1,"minecraft:iron_chestplate":1,"minecraft:chainmail_boots":1,"minecraft:chest":2,"minecraft:brown_bed":2,"minecraft:raw_gold":2},"minecraft:killed":{"minecraft:spider":4,"minecraft:skeleton":2,"minecraft:husk":1,"minecraft:pillager":8,"minecraft:zombie":5}},"DataVersion":3465}