{"stats":{"minecraft:mined":{"minecraft:oak_slab":6,"valhelsia_structures:unlit_lantern":1,"minecraft:mossy_cobblestone":3,"minecraft:melon_stem":1,"minecraft:crafting_table":2,"minecraft:spruce_trapdoor":1,"minecraft:ladder":1,"biomesoplenty:bush":2,"minecraft:grass_block":1,"minecraft:melon":17,"minecraft:tall_grass":7,"minecraft:cobblestone":8,"minecraft:oak_planks":53,"minecraft:spawner":1,"minecraft:hay_block":1,"minecraft:raw_iron_block":1,"minecraft:furnace":2,"minecraft:carrots":48,"minecraft:iron_ore":15,"minecraft:wheat":51,"valhelsia_structures:cracked_big_glazed_jar":1,"minecraft:pumpkin":2,"minecraft:anvil":1,"minecraft:brown_bed":6,"minecraft:gold_block":2,"minecraft:enchanting_table":1,"minecraft:grass":7,"butchersdelight:deadcowblockskinned":1,"minecraft:potatoes":49,"minecraft:oak_log":28,"minecraft:coal_ore":8,"minecraft:polished_deepslate_slab":3,"minecraft:beetroots":50,"minecraft:dispenser":1,"minecraft:fern":1},"minecraft:picked_up":{"minecraft:enchanting_table":1,"minecraft:crafting_table":2,"minecraft:iron_chestplate":2,"minecraft:wheat":42,"minecraft:ladder":1,"minecraft:anvil":1,"paraglider:spirit_orb":1,"minecraft:potato":178,"minecraft:brown_bed":9,"minecraft:gold_block":2,"minecraft:flint":1,"minecraft:oak_log":27,"minecraft:gunpowder":1,"minecraft:dirt":2,"minecraft:iron_axe":1,"minecraft:armor_stand":3,"butchersdelight:dead_cow":9,"minecraft:wheat_seeds":40,"minecraft:dark_oak_sign":2,"minecraft:melon_slice":92,"minecraft:iron_sword":1,"minecraft:oak_planks":53,"minecraft:spruce_trapdoor":1,"minecraft:furnace":2,"minecraft:iron_boots":2,"minecraft:stick":1,"minecraft:oak_slab":6,"minecraft:raw_iron":39,"minecraft:polished_deepslate_slab":4,"minecraft:pumpkin":1,"butchersdelight:cow_hide":5,"tombstone:grave_dust":1,"minecraft:carrot":129,"minecraft:mossy_cobblestone":1,"minecraft:rotten_flesh":1,"minecraft:hay_block":1,"minecraft:brick_stairs":2,"valhelsia_structures:unlit_lantern":1,"minecraft:coal":8,"minecraft:cobblestone":1},"minecraft:crafted":{"minecraft:oak_planks":104,"minecraft:crafting_table":1,"farmersdelight:iron_knife":1,"minecraft:air":0,"minecraft:bread":18,"minecraft:shield":1,"minecraft:iron_ingot":10,"minecraft:iron_leggings":1,"minecraft:wheat":9},"minecraft:custom":{"minecraft:interact_with_smithing_table":1,"minecraft:interact_with_furnace":13,"minecraft:interact_with_anvil":1,"minecraft:mob_kills":20,"tombstone:raider_killed":8,"minecraft:interact_with_crafting_table":8,"minecraft:tune_noteblock":2,"minecraft:open_barrel":6,"minecraft:leave_game":4,"minecraft:time_since_death":44841,"minecraft:sleep_in_bed":7,"minecraft:climb_one_cm":9306,"minecraft:time_since_rest":32231,"minecraft:sprint_one_cm":277118,"minecraft:damage_taken":1305,"minecraft:walk_one_cm":109370,"minecraft:drop":34,"minecraft:damage_dealt":5229,"minecraft:player_kills":1,"minecraft:swim_one_cm":26040,"minecraft:fly_one_cm":406514,"minecraft:talked_to_villager":1,"minecraft:open_chest":44,"minecraft:play_time":62293,"minecraft:crouch_one_cm":15873,"tombstone:undead_killed":7,"minecraft:deaths":1,"minecraft:sneak_time":3356,"minecraft:walk_under_water_one_cm":2821,"minecraft:jump":1897,"minecraft:walk_on_water_one_cm":4794,"minecraft:total_world_time":62293,"minecraft:inspect_dispenser":1,"minecraft:fall_one_cm":44276},"minecraft:used":{"farmersdelight:iron_knife":1,"minecraft:armor_stand":1,"minecraft:oak_planks":101,"minecraft:ladder":1,"minecraft:iron_sword":245,"minecraft:crafting_table":3,"minecraft:carrot":28,"minecraft:oak_log":1,"minecraft:lava_bucket":4,"minecraft:apple":10,"minecraft:bread":7,"minecraft:melon_slice":24,"minecraft:iron_axe":119,"minecraft:iron_pickaxe":48,"minecraft:furnace":1,"minecraft:bucket":4,"alexsmobs:animal_dictionary":1,"minecraft:potato":30,"minecraft:brown_bed":8},"minecraft:dropped":{"minecraft:bread":1,"minecraft:furnace":1,"minecraft:iron_sword":1,"minecraft:oak_slab":6,"butchersdelight:dead_cow":5,"minecraft:wheat_seeds":13,"alexsmobs:animal_dictionary":1,"minecraft:raw_copper":9,"minecraft:mossy_cobblestone":1,"minecraft:cooked_porkchop":3,"minecraft:raw_iron":36,"minecraft:polished_deepslate_slab":4,"minecraft:rotten_flesh":1,"minecraft:iron_boots":1,"minecraft:iron_horse_armor":1,"minecraft:saddle":1,"minecraft:flint":1,"minecraft:dirt":2,"minecraft:potato":2,"minecraft:brick_stairs":2,"minecraft:spruce_trapdoor":1,"minecraft:chainmail_boots":1,"tombstone:grave_dust":1,"minecraft:iron_axe":1,"minecraft:raw_gold":2,"minecraft:chainmail_leggings":1,"minecraft:string":2,"valhelsia_structures:unlit_lantern":1,"minecraft:armor_stand":2},"minecraft:killed":{"minecraft:husk":1,"minecraft:spider":3,"minecraft:skeleton":2,"minecraft:pillager":8,"minecraft:zombie":4}},"DataVersion":3465}