{"stats":{"minecraft:mined":{"minecraft:mossy_cobblestone":3,"minecraft:spruce_trapdoor":1,"minecraft:ladder":1,"biomesoplenty:bush":2,"minecraft:grass_block":4,"minecraft:sandstone":2,"biomesoplenty:dune_grass":1,"minecraft:spawner":1,"minecraft:hay_block":1,"minecraft:raw_iron_block":1,"minecraft:furnace":3,"minecraft:carrots":48,"minecraft:iron_ore":15,"minecraft:chiseled_sandstone":1,"valhelsia_structures:cracked_big_glazed_jar":1,"minecraft:pumpkin":2,"minecraft:anvil":1,"minecraft:gold_block":2,"minecraft:enchanting_table":1,"minecraft:brown_bed":8,"butchersdelight:deadcowblockskinned":1,"minecraft:potatoes":49,"minecraft:polished_deepslate_slab":3,"minecraft:vine":2,"minecraft:smooth_sandstone_stairs":7,"minecraft:oak_slab":6,"minecraft:cut_sandstone":10,"valhelsia_structures:unlit_lantern":1,"minecraft:melon_stem":1,"minecraft:smooth_sandstone":25,"minecraft:crafting_table":3,"minecraft:melon":17,"minecraft:tall_grass":7,"minecraft:cobblestone":8,"minecraft:oak_planks":60,"minecraft:wheat":51,"minecraft:grass":8,"minecraft:oak_log":28,"minecraft:coal_ore":8,"minecraft:beetroots":50,"minecraft:dispenser":1,"minecraft:oak_leaves":2,"minecraft:fern":8},"minecraft:picked_up":{"minecraft:crafting_table":2,"minecraft:iron_chestplate":3,"minecraft:wheat":42,"minecraft:ladder":1,"minecraft:anvil":1,"minecraft:brown_bed":13,"minecraft:gold_block":2,"minecraft:potion":1,"minecraft:shield":1,"minecraft:string":4,"minecraft:raw_copper":2,"minecraft:iron_axe":1,"minecraft:armor_stand":3,"butchersdelight:dead_cow":9,"minecraft:beef":13,"cataclysm:khopesh":1,"biomesoplenty:wildflower":3,"minecraft:melon_slice":92,"minecraft:chest":1,"minecraft:spruce_trapdoor":1,"minecraft:furnace":2,"minecraft:iron_boots":2,"minecraft:sandstone":2,"minecraft:stick":1,"minecraft:raw_iron":39,"minecraft:polished_deepslate_slab":4,"minecraft:copper_ingot":5,"sophisticatedbackpacks:backpack":1,"minecraft:porkchop":12,"tombstone:grave_dust":3,"minecraft:carrot":129,"minecraft:arrow":1,"minecraft:rotten_flesh":3,"minecraft:decorated_pot":1,"minecraft:hay_block":1,"minecraft:brick_stairs":2,"minecraft:cobblestone":1,"minecraft:enchanting_table":1,"minecraft:cut_sandstone":10,"minecraft:potato":178,"paraglider:spirit_orb":1,"minecraft:flint":1,"minecraft:smooth_sandstone_stairs":7,"minecraft:oak_log":27,"minecraft:gunpowder":32,"minecraft:dirt":3,"cataclysm:koboleton_bone":3,"minecraft:smooth_sandstone":25,"farmersdelight:iron_knife":1,"minecraft:wheat_seeds":42,"minecraft:dark_oak_sign":2,"minecraft:oak_planks":60,"minecraft:iron_sword":1,"minecraft:book":1,"minecraft:oak_slab":6,"minecraft:pumpkin":1,"butchersdelight:cow_hide":12,"farmersdelight:ham":6,"minecraft:chiseled_sandstone":1,"minecraft:mossy_cobblestone":1,"minecraft:golden_apple":1,"cataclysm:ancient_metal_nugget":1,"valhelsia_structures:unlit_lantern":1,"minecraft:coal":30},"minecraft:crafted":{"minecraft:oak_planks":104,"minecraft:chest":1,"minecraft:wheat":9,"minecraft:cooked_beef":14,"minecraft:crafting_table":1,"farmersdelight:iron_knife":1,"minecraft:bread":18,"minecraft:air":0,"minecraft:shield":1,"minecraft:iron_ingot":10,"minecraft:iron_leggings":1},"minecraft:custom":{"minecraft:interact_with_smithing_table":1,"minecraft:mob_kills":29,"minecraft:interact_with_anvil":1,"minecraft:interact_with_crafting_table":15,"minecraft:open_barrel":7,"minecraft:leave_game":5,"minecraft:time_since_death":83032,"minecraft:climb_one_cm":12138,"minecraft:sprint_one_cm":401289,"minecraft:walk_one_cm":173007,"minecraft:damage_blocked_by_shield":120,"minecraft:drop":63,"minecraft:talked_to_villager":3,"minecraft:play_time":100484,"minecraft:deaths":1,"minecraft:sneak_time":5199,"minecraft:walk_under_water_one_cm":11780,"minecraft:jump":3107,"minecraft:interact_with_brewingstand":1,"minecraft:walk_on_water_one_cm":9145,"minecraft:total_world_time":100484,"minecraft:interact_with_furnace":37,"tombstone:raider_killed":8,"minecraft:tune_noteblock":2,"minecraft:sleep_in_bed":7,"minecraft:time_since_rest":36630,"minecraft:damage_taken":2178,"minecraft:damage_dealt":7467,"minecraft:swim_one_cm":35951,"minecraft:fly_one_cm":709609,"minecraft:player_kills":2,"minecraft:open_chest":61,"minecraft:crouch_one_cm":20691,"tombstone:undead_killed":15,"minecraft:fall_one_cm":77397,"minecraft:inspect_dispenser":1},"minecraft:used":{"minecraft:armor_stand":1,"minecraft:ladder":1,"minecraft:shield":3,"minecraft:iron_sword":305,"minecraft:carrot":31,"minecraft:lava_bucket":4,"minecraft:iron_axe":127,"minecraft:furnace":1,"tombstone:gift":2,"minecraft:cooked_beef":1,"minecraft:potato":30,"minecraft:brown_bed":11,"farmersdelight:iron_knife":1,"minecraft:water_bucket":1,"minecraft:oak_planks":137,"cataclysm:khopesh":1,"minecraft:sandstone":2,"minecraft:cut_sandstone":9,"minecraft:crafting_table":3,"minecraft:oak_log":1,"minecraft:apple":10,"minecraft:chiseled_sandstone":1,"minecraft:melon_slice":34,"minecraft:bread":24,"minecraft:iron_pickaxe":94,"minecraft:bucket":4,"alexsmobs:animal_dictionary":1},"minecraft:dropped":{"minecraft:bread":1,"farmersdelight:iron_knife":1,"minecraft:iron_sword":1,"minecraft:oak_slab":6,"butchersdelight:dead_cow":5,"minecraft:wheat_seeds":42,"minecraft:mossy_cobblestone":1,"minecraft:cooked_porkchop":3,"minecraft:book":2,"minecraft:iron_horse_armor":1,"minecraft:saddle":1,"minecraft:flint":1,"minecraft:dirt":2,"tombstone:grave_dust":1,"minecraft:potion":1,"minecraft:iron_axe":1,"minecraft:chainmail_leggings":1,"minecraft:string":6,"valhelsia_structures:unlit_lantern":1,"butchersdelight:cow_hide":12,"minecraft:armor_stand":2,"minecraft:furnace":1,"minecraft:anvil":1,"alexsmobs:animal_dictionary":1,"minecraft:raw_copper":9,"minecraft:raw_iron":36,"minecraft:polished_deepslate_slab":4,"minecraft:rotten_flesh":1,"minecraft:oak_planks":9,"minecraft:iron_boots":1,"minecraft:potato":2,"minecraft:shield":1,"minecraft:gunpowder":62,"minecraft:brick_stairs":2,"minecraft:spruce_trapdoor":1,"minecraft:iron_chestplate":1,"minecraft:chainmail_boots":1,"minecraft:chest":2,"minecraft:brown_bed":2,"minecraft:raw_gold":2},"minecraft:killed":{"minecraft:spider":4,"minecraft:skeleton":3,"cataclysm:koboleton":4,"minecraft:husk":2,"minecraft:pillager":8,"minecraft:zombie":6}},"DataVersion":3465}