{"stats":{"minecraft:used":{"minecraft:armor_stand":1,"minecraft:oak_planks":71,"minecraft:ladder":1,"minecraft:iron_sword":96,"minecraft:crafting_table":1,"minecraft:carrot":11,"minecraft:oak_log":1,"minecraft:lava_bucket":4,"minecraft:apple":10,"minecraft:bread":7,"minecraft:iron_axe":91,"minecraft:melon_slice":15,"minecraft:iron_pickaxe":29,"minecraft:furnace":1,"minecraft:bucket":4,"alexsmobs:animal_dictionary":1,"minecraft:potato":3,"minecraft:brown_bed":8},"minecraft:picked_up":{"minecraft:enchanting_table":1,"minecraft:crafting_table":2,"minecraft:iron_chestplate":2,"minecraft:ladder":1,"minecraft:anvil":1,"minecraft:brown_bed":8,"minecraft:gold_block":2,"minecraft:flint":1,"minecraft:oak_log":27,"minecraft:gunpowder":1,"minecraft:iron_axe":1,"minecraft:armor_stand":3,"butchersdelight:dead_cow":5,"minecraft:wheat_seeds":1,"minecraft:dark_oak_sign":2,"minecraft:melon_slice":54,"minecraft:oak_planks":31,"minecraft:spruce_trapdoor":1,"minecraft:furnace":2,"minecraft:iron_boots":2,"minecraft:oak_slab":6,"minecraft:raw_iron":6,"minecraft:polished_deepslate_slab":4,"minecraft:pumpkin":1,"tombstone:grave_dust":1,"minecraft:mossy_cobblestone":1,"minecraft:rotten_flesh":1,"minecraft:hay_block":1,"minecraft:brick_stairs":2,"minecraft:cobblestone":1},"minecraft:custom":{"minecraft:interact_with_smithing_table":1,"minecraft:interact_with_furnace":13,"minecraft:interact_with_anvil":1,"minecraft:mob_kills":17,"tombstone:raider_killed":6,"minecraft:interact_with_crafting_table":6,"minecraft:tune_noteblock":2,"minecraft:open_barrel":6,"minecraft:leave_game":1,"minecraft:time_since_death":21157,"minecraft:sleep_in_bed":7,"minecraft:climb_one_cm":7515,"minecraft:time_since_rest":8547,"minecraft:sprint_one_cm":180039,"minecraft:damage_taken":1077,"minecraft:walk_one_cm":75713,"minecraft:drop":17,"minecraft:damage_dealt":4259,"minecraft:player_kills":1,"minecraft:swim_one_cm":2592,"minecraft:talked_to_villager":1,"minecraft:fly_one_cm":241190,"minecraft:open_chest":16,"minecraft:crouch_one_cm":11466,"minecraft:play_time":38609,"tombstone:undead_killed":6,"minecraft:deaths":1,"minecraft:sneak_time":2161,"minecraft:walk_under_water_one_cm":330,"minecraft:jump":1139,"minecraft:walk_on_water_one_cm":566,"minecraft:total_world_time":38609,"minecraft:inspect_dispenser":1,"minecraft:fall_one_cm":24214},"minecraft:dropped":{"minecraft:bread":1,"minecraft:oak_slab":6,"minecraft:wheat_seeds":1,"alexsmobs:animal_dictionary":1,"minecraft:cooked_porkchop":3,"minecraft:polished_deepslate_slab":4,"minecraft:rotten_flesh":1,"minecraft:iron_horse_armor":1,"minecraft:saddle":1,"minecraft:flint":1,"minecraft:brick_stairs":2,"minecraft:spruce_trapdoor":1,"minecraft:iron_axe":1,"minecraft:string":2,"minecraft:armor_stand":2},"minecraft:mined":{"minecraft:oak_slab":6,"minecraft:mossy_cobblestone":3,"minecraft:crafting_table":2,"minecraft:spruce_trapdoor":1,"minecraft:ladder":1,"biomesoplenty:bush":2,"minecraft:grass_block":1,"minecraft:melon":11,"minecraft:tall_grass":7,"minecraft:cobblestone":8,"minecraft:oak_planks":31,"minecraft:spawner":1,"minecraft:hay_block":1,"minecraft:raw_iron_block":1,"minecraft:furnace":2,"minecraft:iron_ore":6,"minecraft:pumpkin":2,"minecraft:anvil":1,"minecraft:enchanting_table":1,"minecraft:gold_block":2,"minecraft:brown_bed":5,"minecraft:grass":7,"minecraft:oak_log":28,"minecraft:polished_deepslate_slab":3,"minecraft:dispenser":1},"minecraft:killed":{"minecraft:spider":3,"minecraft:skeleton":2,"minecraft:pillager":6,"minecraft:zombie":4},"minecraft:crafted":{"minecraft:oak_planks":104,"minecraft:air":0,"minecraft:shield":1,"minecraft:iron_ingot":10,"minecraft:iron_leggings":1,"minecraft:wheat":9}},"DataVersion":3465}