{"stats":{"minecraft:mined":{"minecraft:oak_slab":6,"valhelsia_structures:unlit_lantern":1,"minecraft:mossy_cobblestone":3,"minecraft:melon_stem":1,"minecraft:crafting_table":3,"minecraft:spruce_trapdoor":1,"minecraft:ladder":1,"biomesoplenty:bush":2,"minecraft:grass_block":3,"minecraft:melon":17,"minecraft:tall_grass":7,"minecraft:cobblestone":8,"minecraft:oak_planks":53,"minecraft:spawner":1,"minecraft:hay_block":1,"minecraft:raw_iron_block":1,"minecraft:furnace":2,"minecraft:carrots":48,"minecraft:iron_ore":15,"minecraft:wheat":51,"valhelsia_structures:cracked_big_glazed_jar":1,"minecraft:pumpkin":2,"minecraft:anvil":1,"minecraft:brown_bed":7,"minecraft:gold_block":2,"minecraft:enchanting_table":1,"minecraft:vine":2,"minecraft:grass":8,"butchersdelight:deadcowblockskinned":1,"minecraft:potatoes":49,"minecraft:oak_log":28,"minecraft:coal_ore":8,"minecraft:polished_deepslate_slab":3,"minecraft:beetroots":50,"minecraft:dispenser":1,"minecraft:oak_leaves":2,"minecraft:fern":8},"minecraft:picked_up":{"minecraft:enchanting_table":1,"minecraft:crafting_table":2,"minecraft:iron_chestplate":3,"minecraft:wheat":42,"minecraft:ladder":1,"minecraft:anvil":1,"paraglider:spirit_orb":1,"minecraft:potato":178,"minecraft:brown_bed":10,"minecraft:gold_block":2,"minecraft:flint":1,"minecraft:oak_log":27,"minecraft:gunpowder":1,"minecraft:string":4,"minecraft:dirt":2,"minecraft:iron_axe":1,"minecraft:armor_stand":3,"butchersdelight:dead_cow":9,"minecraft:wheat_seeds":42,"minecraft:beef":13,"minecraft:dark_oak_sign":2,"minecraft:melon_slice":92,"minecraft:iron_sword":1,"minecraft:oak_planks":53,"minecraft:spruce_trapdoor":1,"minecraft:furnace":2,"minecraft:iron_boots":2,"minecraft:book":1,"minecraft:stick":1,"minecraft:oak_slab":6,"minecraft:raw_iron":39,"minecraft:polished_deepslate_slab":4,"minecraft:pumpkin":1,"minecraft:porkchop":12,"butchersdelight:cow_hide":12,"tombstone:grave_dust":1,"farmersdelight:ham":6,"minecraft:carrot":129,"minecraft:mossy_cobblestone":1,"minecraft:rotten_flesh":1,"minecraft:hay_block":1,"minecraft:brick_stairs":2,"valhelsia_structures:unlit_lantern":1,"minecraft:coal":8,"minecraft:cobblestone":1},"minecraft:crafted":{"minecraft:oak_planks":104,"minecraft:crafting_table":1,"farmersdelight:iron_knife":1,"minecraft:air":0,"minecraft:bread":18,"minecraft:shield":1,"minecraft:iron_ingot":10,"minecraft:iron_leggings":1,"minecraft:wheat":9},"minecraft:custom":{"minecraft:interact_with_smithing_table":1,"minecraft:interact_with_furnace":13,"minecraft:interact_with_anvil":1,"minecraft:mob_kills":21,"tombstone:raider_killed":8,"minecraft:interact_with_crafting_table":11,"minecraft:tune_noteblock":2,"minecraft:open_barrel":7,"minecraft:leave_game":4,"minecraft:time_since_death":56841,"minecraft:sleep_in_bed":7,"minecraft:climb_one_cm":10656,"minecraft:time_since_rest":10439,"minecraft:sprint_one_cm":320432,"minecraft:damage_taken":1320,"minecraft:walk_one_cm":127399,"minecraft:drop":48,"minecraft:damage_dealt":5380,"minecraft:player_kills":1,"minecraft:swim_one_cm":32323,"minecraft:fly_one_cm":530220,"minecraft:talked_to_villager":3,"minecraft:open_chest":51,"minecraft:play_time":74293,"minecraft:crouch_one_cm":16265,"tombstone:undead_killed":8,"minecraft:deaths":1,"minecraft:sneak_time":3451,"minecraft:walk_under_water_one_cm":3585,"minecraft:jump":2360,"minecraft:walk_on_water_one_cm":5469,"minecraft:total_world_time":74293,"minecraft:inspect_dispenser":1,"minecraft:fall_one_cm":55492},"minecraft:used":{"farmersdelight:iron_knife":1,"minecraft:armor_stand":1,"minecraft:oak_planks":101,"minecraft:ladder":1,"minecraft:iron_sword":257,"minecraft:crafting_table":3,"minecraft:carrot":28,"minecraft:oak_log":1,"minecraft:lava_bucket":4,"minecraft:apple":10,"minecraft:bread":7,"minecraft:melon_slice":33,"minecraft:iron_axe":120,"minecraft:iron_pickaxe":48,"minecraft:furnace":1,"minecraft:bucket":4,"alexsmobs:animal_dictionary":1,"minecraft:potato":30,"minecraft:brown_bed":9},"minecraft:dropped":{"minecraft:bread":1,"minecraft:furnace":1,"minecraft:iron_sword":1,"minecraft:oak_slab":6,"butchersdelight:dead_cow":5,"minecraft:wheat_seeds":42,"alexsmobs:animal_dictionary":1,"minecraft:raw_copper":9,"minecraft:mossy_cobblestone":1,"minecraft:cooked_porkchop":3,"minecraft:raw_iron":36,"minecraft:book":2,"minecraft:polished_deepslate_slab":4,"minecraft:rotten_flesh":1,"minecraft:iron_boots":1,"minecraft:iron_horse_armor":1,"minecraft:saddle":1,"minecraft:flint":1,"minecraft:dirt":2,"minecraft:potato":2,"minecraft:brick_stairs":2,"minecraft:spruce_trapdoor":1,"minecraft:iron_chestplate":1,"minecraft:chainmail_boots":1,"tombstone:grave_dust":1,"minecraft:iron_axe":1,"minecraft:raw_gold":2,"minecraft:chainmail_leggings":1,"minecraft:string":6,"valhelsia_structures:unlit_lantern":1,"butchersdelight:cow_hide":12,"minecraft:armor_stand":2},"minecraft:killed":{"minecraft:husk":1,"minecraft:spider":3,"minecraft:skeleton":2,"minecraft:pillager":8,"minecraft:zombie":5}},"DataVersion":3465}