{"stats":{"minecraft:crafted":{"biomesoplenty:dead_planks":15,"minecraft:oak_planks":12,"minecraft:wooden_shovel":1,"minecraft:crafting_table":2,"minecraft:air":110,"minecraft:stick":4,"minecraft:wooden_axe":1,"minecraft:chest":1,"fishofthieves:cooked_wildsplash":3},"minecraft:dropped":{"minecraft:water_bucket":1,"biomesoplenty:dried_salt":1,"minecraft:stone_axe":1,"minecraft:moss_carpet":1,"minecraft:wheat_seeds":12,"minecraft:oak_log":2,"alexsmobs:animal_dictionary":1,"minecraft:glass_bottle":1,"minecraft:rotten_flesh":10,"vampirism:item_tent":1,"vampirism:amulet":1,"minecraft:leather_helmet":1,"patchouli:guide_book":1,"minecraft:stick":5,"ars_nouveau:worn_notebook":1,"fishofthieves:earthworms":9,"minecraft:mutton":1,"revive_hardcore_players:revive_crystal":1,"minecraft:oak_sapling":4,"minecraft:potion":1,"doggytalents:rice_grains":1,"fishofthieves:cooked_wildsplash":3,"biomesoplenty:wilted_lily":1,"vampirism:ring":1,"minecraft:white_wool":1,"minecraft:bucket":4,"minecraft:bone":3,"minecraft:egg":1},"minecraft:picked_up":{"vampirism:weapon_table":1,"vampirism:item_tent":1,"minecraft:crafting_table":3,"minecraft:coarse_dirt":1,"biomesoplenty:dried_salt":6,"minecraft:wooden_pickaxe":1,"doggytalents:rice_grains":5,"biomesoplenty:dead_log":79,"minecraft:oak_log":16,"evilcraft:flesh_humanoid":3,"minecraft:dirt":176,"minecraft:moss_carpet":1,"minecraft:bone":4,"minecraft:bow":1,"biomesoplenty:dead_sapling":4,"minecraft:wheat_seeds":12,"minecraft:bucket":2,"revive_hardcore_players:revive_crystal":1,"fishofthieves:earthworms":25,"minecraft:mossy_stone_bricks":1,"minecraft:glass_bottle":3,"delightful:green_tea_leaf":2,"minecraft:egg":1,"minecraft:stick":5,"minecraft:sandstone":7,"vampiresneedumbrellas:cactus_green_iron_umbrella":1,"vampirism:ring":1,"biomesoplenty:wilted_lily":1,"biomesoplenty:dead_planks":3,"minecraft:sand":1,"vampirism:coffin_cyan":2,"farmersdelight:tomato_seeds":1,"vampirism:amulet":2,"vampirism:blood_bottle":6,"minecraft:oak_wood":3,"minecraft:rotten_flesh":9,"minecraft:stone_axe":1,"minecraft:bread":57,"minecraft:oak_sapling":2,"minecraft:mutton":1,"minecraft:cobblestone":17,"minecraft:white_wool":1},"minecraft:custom":{"vampirism:altar_of_inspiration_rituals_performed":74,"minecraft:interact_with_furnace":3,"minecraft:interact_with_anvil":8,"minecraft:mob_kills":5,"minecraft:interact_with_crafting_table":3,"vampirism:action_time_bat":1046,"vampirism:action_used_bat":1,"minecraft:leave_game":3,"minecraft:time_since_death":22766,"minecraft:sleep_in_bed":3,"minecraft:climb_one_cm":192,"minecraft:damage_resisted":51,"vampirism:actions_used":4,"minecraft:time_since_rest":6669,"vampirism:action_used_regen":3,"minecraft:waystone_activated":2,"minecraft:sprint_one_cm":263188,"minecraft:damage_taken":3437,"minecraft:walk_one_cm":256436,"minecraft:trigger_trapped_chest":1,"vampirism:interact_with_coffin":5,"minecraft:drop":63,"vampirism:action_time_regen":473,"vampirism:skills_unlocked":6,"minecraft:damage_dealt":1614,"minecraft:talked_to_villager":1,"minecraft:swim_one_cm":92182,"minecraft:fly_one_cm":582706,"minecraft:open_chest":13,"vampirism:interact_with_altar_inspiration":6,"minecraft:crouch_one_cm":3415,"minecraft:play_time":182893,"minecraft:deaths":6,"minecraft:sneak_time":4174,"minecraft:walk_under_water_one_cm":58105,"minecraft:jump":1864,"vampirism:blood_drunk":3300,"minecraft:walk_on_water_one_cm":97178,"minecraft:total_world_time":182893,"minecraft:fall_one_cm":46237},"minecraft:killed":{"born_in_chaos_v1:zombie_bruiser":1,"born_in_chaos_v1:decrepit_skeleton":2,"minecraft:sheep":1,"born_in_chaos_v1:corpse_fly":1},"minecraft:mined":{"minecraft:acacia_leaves":2,"minecraft:crafting_table":2,"minecraft:oak_wood":3,"minecraft:grass_block":46,"minecraft:dead_bush":1,"vampirism:weapon_table":1,"biomesoplenty:dried_salt":6,"minecraft:tall_grass":6,"biomesoplenty:wilted_lily":2,"farmersdelight:wild_tomatoes":1,"minecraft:sandstone":7,"minecraft:coarse_dirt":1,"realmrpg_skeletons:bow_skeleton":1,"minecraft:grass":30,"biomesoplenty:dead_log":80,"minecraft:oak_log":14,"minecraft:sand":1,"minecraft:dirt":128,"biomesoplenty:dead_planks":1,"minecraft:stone":12,"minecraft:mossy_stone_bricks":1,"minecraft:oak_leaves":8,"minecraft:fern":7},"minecraft:used":{"vampirism:weapon_table":1,"minecraft:damaged_anvil":1,"minecraft:mossy_stone_bricks":1,"minecraft:water_bucket":39,"minecraft:stone_sword":32,"minecraft:glass_bottle":60,"minecraft:baked_potato":8,"minecraft:chest":1,"minecraft:wooden_pickaxe":30,"minecraft:sandstone":7,"minecraft:wooden_shovel":1,"minecraft:rotten_flesh":2,"fishofthieves:earthworms":11,"minecraft:dirt":98,"minecraft:sand":1,"minecraft:crafting_table":2,"minecraft:cod_bucket":2,"biomesoplenty:dead_planks":15,"minecraft:wooden_axe":8,"minecraft:bread":19,"minecraft:leather_helmet":1,"dungeonsweaponry:dagger":4,"minecraft:potion":58,"minecraft:bucket":46,"alexsmobs:animal_dictionary":1,"minecraft:air":5,"minecraft:tropical_fish_bucket":6,"minecraft:coarse_dirt":1,"biomesoplenty:dead_sapling":4}},"DataVersion":3465}