{"stats":{"minecraft:mined":{"minecraft:oak_log":5},"minecraft:picked_up":{"minecraft:oak_log":5},"minecraft:crafted":{"minecraft:crafting_table":1,"minecraft:oak_planks":20,"minecraft:stick":4},"minecraft:custom":{"minecraft:jump":6,"minecraft:time_since_rest":1987,"minecraft:sprint_one_cm":2178,"minecraft:play_time":1987,"minecraft:time_since_death":1987,"minecraft:walk_one_cm":527,"minecraft:total_world_time":1987,"minecraft:interact_with_crafting_table":1,"minecraft:fly_one_cm":1601},"minecraft:used":{"minecraft:crafting_table":1}},"DataVersion":3465}