{"stats":{"minecraft:mined":{"minecraft:oak_log":12,"minecraft:tall_grass":2,"minecraft:crafting_table":2},"minecraft:picked_up":{"minecraft:crafting_table":2,"minecraft:salmon":1,"minecraft:apple":1,"minecraft:wheat_seeds":1,"minecraft:oak_log":12},"minecraft:crafted":{"minecraft:wooden_sword":1,"minecraft:oak_planks":48,"minecraft:crafting_table":1,"minecraft:stick":4,"minecraft:wooden_axe":1},"minecraft:custom":{"minecraft:time_since_rest":7316,"minecraft:play_time":7316,"minecraft:sprint_one_cm":23787,"minecraft:damage_taken":50,"minecraft:walk_one_cm":9413,"minecraft:walk_under_water_one_cm":2429,"minecraft:mob_kills":1,"minecraft:drop":1,"minecraft:jump":109,"minecraft:damage_dealt":89,"minecraft:leave_game":1,"minecraft:walk_on_water_one_cm":1286,"minecraft:time_since_death":7316,"minecraft:total_world_time":7316,"minecraft:swim_one_cm":2400,"minecraft:interact_with_crafting_table":3,"minecraft:fall_one_cm":1999,"minecraft:fly_one_cm":28303},"minecraft:used":{"minecraft:wooden_axe":19,"minecraft:crafting_table":2},"minecraft:dropped":{"minecraft:wheat_seeds":1},"minecraft:killed":{"minecraft:salmon":1}},"DataVersion":3465}