{"stats":{"minecraft:killed_by":{"minecraft:player":1},"minecraft:killed":{"minecraft:zombie":1},"minecraft:mined":{"minecraft:spruce_planks":3,"farmersdelight:wild_carrots":14,"minecraft:dandelion":1,"minecraft:crafting_table":1,"minecraft:spruce_trapdoor":1,"untamedwilds:flora_hemlock":1,"minecraft:grass_block":7,"minecraft:poppy":6,"minecraft:rose_bush":17,"minecraft:cobblestone":1,"minecraft:cyan_bed":4,"minecraft:oxeye_daisy":22,"minecraft:blue_bed":2,"minecraft:seagrass":1,"minecraft:carrots":1,"minecraft:mud":3,"minecraft:wheat":3,"minecraft:pumpkin":5,"minecraft:grass":28,"minecraft:oak_log":9,"minecraft:vine":2,"minecraft:dirt":7,"minecraft:stone":7,"minecraft:oak_leaves":1,"minecraft:orange_bed":1},"minecraft:custom":{"minecraft:interact_with_furnace":1,"minecraft:mob_kills":1,"minecraft:interact_with_crafting_table":1,"minecraft:leave_game":13,"minecraft:time_since_death":15516,"minecraft:climb_one_cm":9164,"minecraft:time_since_rest":15567,"minecraft:waystone_activated":4,"minecraft:sprint_one_cm":9406,"minecraft:walk_one_cm":526430,"minecraft:damage_taken":8972,"minecraft:damage_absorbed":40,"minecraft:drop":23,"minecraft:damage_dealt":891,"minecraft:fly_one_cm":100201,"minecraft:open_chest":25,"minecraft:crouch_one_cm":1047,"minecraft:play_time":191229,"minecraft:deaths":7,"minecraft:sneak_time":259,"minecraft:walk_under_water_one_cm":38753,"minecraft:jump":1027,"minecraft:walk_on_water_one_cm":94638,"minecraft:total_world_time":191229,"minecraft:fall_one_cm":22135,"minecraft:horse_one_cm":285},"minecraft:picked_up":{"paraglider:paraglider":2,"minecraft:mossy_cobblestone_slab":3,"farmersdelight:purple_canvas_sign":1,"minecraft:mud":6,"born_in_chaos_v1:corpse_maggot":3,"minecraft:iron_chestplate":3,"minecraft:wheat":12,"minecraft:cooked_beef":3,"born_in_chaos_v1:monster_flesh":2,"minecraft:turtle_helmet":2,"born_in_chaos_v1:seedof_chaos":2,"minecraft:diamond_sword":1,"aether:iron_gloves":1,"doggytalents:rice_grains":3,"minecraft:enchanted_book":1,"minecraft:potion":8,"untamedwilds:flora_hemlock":1,"minecraft:oak_log":11,"minecraft:golden_sword":1,"minecraft:shield":1,"minecraft:dirt":6,"minecraft:blue_bed":2,"aether:diamond_gloves":1,"minecraft:iron_leggings":3,"minecraft:wheat_seeds":31,"minecraft:cobbled_deepslate":2,"minecraft:bucket":4,"minecraft:spruce_planks":3,"delightful:acorn":1,"minecraft:rose_bush":17,"minecraft:poppy":4,"minecraft:iron_pickaxe":2,"minecraft:glass_bottle":10,"minecraft:iron_sword":1,"minecraft:spruce_trapdoor":1,"minecraft:iron_boots":2,"minecraft:furnace":1,"deep_dark_regrowth:plasma_chunk":1,"minecraft:stone":2,"minecraft:cooked_porkchop":7,"minecraft:pumpkin":5,"minecraft:torch":16,"minecraft:dandelion":1,"minecraft:lava_bucket":1,"minecraft:jungle_planks":3,"born_in_chaos_v1:pileof_dark_metal":1,"minecraft:cookie":94,"minecraft:grass_block":1,"minecraft:diorite":2,"minecraft:cyan_bed":4,"minecraft:carrot":23,"alexsmobs:animal_dictionary":3,"minecraft:rotten_flesh":10,"minecraft:iron_helmet":3,"minecraft:granite":1,"minecraft:diamond_axe":1,"minecraft:golden_apple":2,"minecraft:gold_ingot":2,"minecraft:oak_button":3,"minecraft:bread":1,"minecraft:oak_sapling":4,"minecraft:coal":4,"minecraft:cobblestone":8,"minecraft:diamond_pickaxe":1,"minecraft:ender_pearl":18,"minecraft:oxeye_daisy":17},"minecraft:dropped":{"minecraft:bread":1,"alexsmobs:animal_dictionary":2,"minecraft:wheat":6,"minecraft:cobblestone":8,"minecraft:iron_helmet":1,"minecraft:cookie":30,"minecraft:rotten_flesh":4,"minecraft:iron_boots":1,"minecraft:jungle_planks":2,"minecraft:coal":4,"minecraft:dirt":1,"born_in_chaos_v1:monster_flesh":1,"minecraft:turtle_helmet":1,"minecraft:oak_button":1,"minecraft:iron_chestplate":1,"minecraft:potion":3,"minecraft:iron_leggings":1,"paraglider:paraglider":1,"minecraft:bucket":2},"minecraft:used":{"minecraft:water_bucket":6,"minecraft:glass_bottle":19,"minecraft:ender_pearl":17,"minecraft:spruce_planks":2,"minecraft:stone":2,"minecraft:iron_sword":3,"minecraft:cookie":4,"minecraft:golden_apple":2,"farmersdelight:onion":1,"minecraft:jungle_planks":1,"minecraft:carrot":25,"minecraft:granite":1,"minecraft:oak_log":15,"minecraft:lava_bucket":2,"minecraft:mud":4,"minecraft:diamond_pickaxe":9,"minecraft:apple":10,"minecraft:oxeye_daisy":12,"minecraft:cyan_bed":1,"minecraft:bread":4,"minecraft:iron_pickaxe":6,"minecraft:spruce_trapdoor":1,"minecraft:golden_sword":2,"minecraft:diamond_sword":4,"farmersdelight:purple_canvas_sign":1,"minecraft:potion":21,"minecraft:cooked_porkchop":4,"minecraft:bucket":9,"minecraft:cooked_beef":3}},"DataVersion":3465}