{"stats":{"minecraft:picked_up":{"minecraft:crafting_table":1,"minecraft:coarse_dirt":45,"minecraft:ladder":1,"minecraft:stone_brick_wall":23,"minecraft:stone_brick_stairs":3,"minecraft:cornflower":1,"minecraft:string":4,"simpleradio:listener_module":64,"minecraft:iron_axe":1,"minecraft:raw_copper":192,"minecraft:iron_shovel":2,"minecraft:compass":1,"minecraft:gold_nugget":8,"minecraft:spruce_planks":47,"minecraft:rose_bush":2,"minecraft:poppy":1,"minecraft:iron_nugget":3,"minecraft:spruce_slab":90,"minecraft:enchanted_golden_apple":2,"biomesoplenty:wildflower":31,"minecraft:spruce_trapdoor":10,"minecraft:tipped_arrow":1,"minecraft:stick":42,"minecraft:raw_iron":44,"minecraft:stone":37,"minecraft:spruce_fence":31,"minecraft:spruce_stairs":18,"minecraft:cookie":64,"tombstone:grave_dust":2,"minecraft:arrow":2,"minecraft:beetroot_seeds":4,"minecraft:saddle":2,"minecraft:gold_ingot":10,"minecraft:leather_horse_armor":1,"iammusicplayer:boombox":2,"minecraft:cobblestone":1,"minecraft:mushroom_stew":1,"minecraft:oak_log":28,"minecraft:gunpowder":3,"minecraft:dirt":139,"minecraft:lantern":49,"minecraft:white_banner":10,"minecraft:name_tag":1,"minecraft:bone":6,"minecraft:stone_bricks":36,"minecraft:wheat_seeds":38,"minecraft:oak_fence_gate":1,"minecraft:cobweb":2,"rechiseled:chisel":1,"minecraft:oak_planks":49,"minecraft:iron_sword":1,"minecraft:scaffolding":31,"minecraft:pumpkin":1,"minecraft:stone_brick_slab":6,"minecraft:dandelion":1,"minecraft:gravel":43,"minecraft:sand":1,"minecraft:red_banner":9,"minecraft:spruce_log":26,"minecraft:spider_eye":7,"minecraft:diamond":4,"tombstone:scroll_of_knowledge":1,"minecraft:bread":260,"minecraft:rooted_dirt":1,"minecraft:melon_seeds":8,"minecraft:ender_pearl":32},"minecraft:custom":{"minecraft:inspect_dropper":1,"minecraft:mob_kills":4,"minecraft:open_barrel":1,"minecraft:leave_game":6,"minecraft:time_since_death":144677,"minecraft:climb_one_cm":1435,"minecraft:sprint_one_cm":58730,"minecraft:walk_one_cm":196416,"minecraft:drop":90,"minecraft:play_time":144677,"minecraft:sneak_time":6936,"minecraft:walk_under_water_one_cm":12844,"minecraft:jump":537,"minecraft:walk_on_water_one_cm":3366,"minecraft:total_world_time":144677,"minecraft:sleep_in_bed":7,"minecraft:time_since_rest":3415,"minecraft:damage_taken":70,"minecraft:trigger_trapped_chest":1,"minecraft:damage_dealt":942,"minecraft:fly_one_cm":1489070,"minecraft:open_chest":5,"minecraft:crouch_one_cm":6786,"minecraft:fall_one_cm":1671},"minecraft:used":{"minecraft:oak_fence":2,"minecraft:spruce_slab":22,"minecraft:ladder":2,"minecraft:spruce_planks":4,"minecraft:chest":3,"minecraft:stone":25,"minecraft:iron_sword":8,"simpleradio:radio":4,"simpleradio:antenna":2,"minecraft:dirt":90,"valhelsia_structures:metal_framed_glass_pane":2,"iammusicplayer:boombox":2,"minecraft:spruce_stairs":37,"minecraft:spruce_fence":3,"minecraft:stripped_spruce_log":5,"alexscaves:sea_staff":12,"minecraft:lantern":10,"minecraft:grass_block":87,"minecraft:oak_stairs":1,"minecraft:rooted_dirt":1,"minecraft:stone_brick_stairs":10,"minecraft:stone_bricks":29,"minecraft:scaffolding":4,"create:handheld_worldshaper":21,"simpleradio:microphone":2,"minecraft:dark_oak_stairs":26,"tombstone:scroll_of_knowledge":1,"create_sabers:double_zinc_saber_black":1,"minecraft:dirt_path":1,"mcwwindows:blackstone_pane_window":4,"cfm:stripped_jungle_park_bench":7,"minecraft:oak_planks":28,"simpleradio:speaker":1,"iammusicplayer:music_manager":1,"minecraft:stripped_dark_oak_log":6,"minecraft:oak_slab":47,"minecraft:red_bed":4,"minecraft:magenta_bed":2,"minecraft:black_banner":1,"create_sabers:double_zinc_saber_blue":7,"minecraft:white_bed":8,"minecraft:stone_brick_wall":11,"minecraft:spruce_log":2,"minecraft:oak_log":24,"minecraft:piston":1,"mcwwindows:blackstone_four_window":16,"alexscaves:desolate_dagger":1,"create:potato_cannon":2,"minecraft:gravel":1,"cfm:stripped_spruce_park_bench":49,"minecraft:cobblestone":5,"cfm:spruce_park_bench":42,"minecraft:dark_oak_fence":27,"create_sabers:double_brass_saber_red":1,"valhelsia_furniture:red_curtain":2,"minecraft:stripped_oak_log":1,"minecraft:coarse_dirt":1},"minecraft:dropped":{"minecraft:bread":355,"minecraft:iron_sword":1,"minecraft:oak_log":128,"minecraft:ender_pearl":32,"minecraft:cookie":64,"minecraft:cobblestone":1,"minecraft:lantern":128,"minecraft:cracked_stone_bricks":64,"minecraft:chainmail_helmet":1,"minecraft:grass_block":1,"minecraft:dirt":128,"minecraft:dark_oak_fence":64,"minecraft:lodestone":1,"minecraft:white_banner":16,"minecraft:iron_axe":3,"simpleradio:listener_module":64,"minecraft:iron_pickaxe":2,"minecraft:chainmail_leggings":1,"minecraft:iron_shovel":2,"minecraft:white_wool":64,"minecraft:gold_ingot":5,"minecraft:gravel":64,"create_sabers:brass_saber_lime":1,"minecraft:coarse_dirt":64,"minecraft:raw_copper":192,"create_jetpack:jetpack":2,"alexscaves:cave_tablet":1,"minecraft:raw_iron":64,"minecraft:red_banner":16,"minecraft:enchanted_golden_apple":2,"sophisticatedbackpacks:backpack":1,"minecraft:orange_wool":64,"minecraft:totem_of_undying":1,"alexsmobs:cooked_kangaroo_meat":5,"minecraft:chainmail_chestplate":1,"minecraft:stone":64,"minecraft:shield":1,"minecraft:gunpowder":3,"minecraft:chainmail_boots":1,"tombstone:scroll_of_knowledge":1,"simpleradio:transceiver":1,"minecraft:stone_bricks":896,"minecraft:spruce_slab":192,"rechiseled:chisel":2,"minecraft:spruce_log":192,"minecraft:arrow":2,"minecraft:scaffolding":64,"minecraft:stone_brick_stairs":192},"minecraft:killed":{"minecraft:creeper":2,"minecraft:sheep":1}},"DataVersion":3465}