{"stats":{"minecraft:picked_up":{"minecraft:crafting_table":1,"minecraft:ladder":1,"minecraft:dandelion":1,"minecraft:sand":1,"minecraft:gunpowder":3,"minecraft:cornflower":1,"minecraft:diamond":3,"minecraft:wheat_seeds":38,"tombstone:scroll_of_knowledge":1,"minecraft:rose_bush":2,"minecraft:gold_ingot":5,"minecraft:poppy":1,"biomesoplenty:wildflower":31},"minecraft:custom":{"minecraft:time_since_rest":10744,"minecraft:sprint_one_cm":35085,"minecraft:inspect_dropper":1,"minecraft:walk_one_cm":131495,"minecraft:trigger_trapped_chest":1,"minecraft:mob_kills":2,"minecraft:drop":19,"minecraft:damage_dealt":678,"minecraft:fly_one_cm":837804,"minecraft:open_barrel":1,"minecraft:open_chest":3,"minecraft:crouch_one_cm":4002,"minecraft:play_time":72219,"minecraft:sneak_time":3479,"minecraft:walk_under_water_one_cm":5750,"minecraft:jump":242,"minecraft:leave_game":2,"minecraft:walk_on_water_one_cm":105,"minecraft:time_since_death":72219,"minecraft:sleep_in_bed":2,"minecraft:climb_one_cm":744,"minecraft:total_world_time":72219,"minecraft:fall_one_cm":894},"minecraft:used":{"minecraft:oak_log":6,"create:handheld_worldshaper":19,"minecraft:piston":1,"minecraft:dark_oak_stairs":26,"tombstone:scroll_of_knowledge":1,"minecraft:oak_stairs":1,"minecraft:grass_block":73,"minecraft:spruce_slab":22,"minecraft:oak_planks":20,"minecraft:ladder":2,"minecraft:spruce_planks":4,"minecraft:stone":3,"minecraft:iron_sword":8,"minecraft:cobblestone":5,"valhelsia_structures:metal_framed_glass_pane":2,"minecraft:stripped_dark_oak_log":6,"minecraft:dirt":55,"minecraft:oak_slab":47,"minecraft:red_bed":2,"minecraft:spruce_stairs":37,"valhelsia_furniture:red_curtain":2,"create_sabers:double_zinc_saber_blue":7,"minecraft:stripped_oak_log":1,"minecraft:spruce_log":1,"minecraft:stripped_spruce_log":5},"minecraft:dropped":{"minecraft:dirt":64,"minecraft:bread":129,"minecraft:gunpowder":3,"minecraft:oak_log":64,"tombstone:scroll_of_knowledge":1,"minecraft:cobblestone":1,"minecraft:stone_bricks":128,"minecraft:lantern":64,"rechiseled:chisel":1,"minecraft:spruce_log":128,"minecraft:iron_axe":1,"minecraft:orange_wool":64,"minecraft:white_wool":64,"minecraft:grass_block":1,"minecraft:gold_ingot":5},"minecraft:killed":{"minecraft:creeper":2}},"DataVersion":3465}