{"stats":{"minecraft:crafted":{"minecraft:brick":26,"minecraft:oak_planks":73,"minecraft:iron_boots":1,"minecraft:chest":4,"minecraft:bricks":6,"farmersdelight:stove":1,"minecraft:diamond_axe":1,"minecraft:crafting_table":4,"minecraft:wooden_pickaxe":1,"travelersbackpack:standard":2,"minecraft:oak_wood":3,"farmersdelight:skillet":1,"minecraft:iron_chestplate":2,"minecraft:diamond_pickaxe":1,"minecraft:shield":1,"minecraft:stick":28,"minecraft:iron_ingot":2,"minecraft:iron_pickaxe":1,"minecraft:stone_sword":1,"minecraft:furnace":4,"minecraft:iron_axe":1,"minecraft:stone_pickaxe":1,"travelersbackpack:diamond_tier_upgrade":1,"biomesoplenty:dead_planks":14,"minecraft:diamond_sword":1,"minecraft:iron_sword":1,"minecraft:stone_axe":1,"minecraft:enchanted_book":5,"minecraft:air":125,"aether:iron_gloves":1,"minecraft:golden_apple":17,"minecraft:iron_leggings":2,"minecraft:torch":4},"minecraft:dropped":{"minecraft:iron_sword":2,"minecraft:candle":3,"minecraft:brown_mushroom":1,"minecraft:diamond_axe":1,"minecraft:oak_log":9,"minecraft:crafting_table":1,"minecraft:ender_pearl":20,"minecraft:cooked_beef":75,"untamedwilds:material_fat":1,"minecraft:dark_oak_sapling":8,"minecraft:baked_potato":9,"minecraft:cooked_porkchop":7,"minecraft:glass_bottle":83,"minecraft:cookie":64,"vampirism:item_tent":3,"minecraft:jungle_planks":3,"minecraft:leather_helmet":2,"minecraft:flint":2,"born_in_chaos_v1:monster_flesh":4,"minecraft:dirt":7,"minecraft:mutton":3,"revive_hardcore_players:revive_crystal":2,"farmersdelight:onion":1,"farmersdelight:purple_canvas_sign":1,"minecraft:gold_nugget":4,"irons_spellbooks:arcane_essence":17,"minecraft:bone_meal":3,"biomesoplenty:wilted_lily":1,"minecraft:sand":7,"minecraft:phantom_membrane":7,"minecraft:iron_pickaxe":3,"minecraft:glistering_melon_slice":5,"paraglider:paraglider":2,"minecraft:gold_ingot":130,"minecraft:blackstone":123,"minecraft:gravel":7,"minecraft:cauldron":1,"minecraft:bone":58,"securitycraft:whitelist_module":15,"minecraft:pink_terracotta":6,"minecraft:stone_axe":1,"minecraft:red_glazed_terracotta":1,"alexsmobs:animal_dictionary":1,"minecraft:iron_nugget":1,"minecraft:cobbled_deepslate":214,"minecraft:wheat":1,"born_in_chaos_v1:ethereal_spirit":1,"minecraft:obsidian":1,"minecraft:oak_planks":14,"minecraft:rotten_flesh":43,"vampirism:blood_bottle":90,"minecraft:blaze_powder":3,"minecraft:carrot":13,"securitycraft:keypad_item":5,"werewolves:dream_catcher":1,"travelersbackpack:gold_tier_upgrade":1,"minecraft:leather_chestplate":2,"deep_dark_regrowth:pulse_flower":1,"minecraft:turtle_helmet":1,"born_in_chaos_v1:seedof_chaos":1,"minecraft:honey_block":2,"born_in_chaos_v1:corpse_maggot":4,"minecraft:leather_boots":2,"minecraft:leather_leggings":2,"farmersdelight:rope":15,"doggytalents:rice_grains":7,"minecraft:arrow":9,"deep_dark_regrowth:plasma_chunk":1,"vampirism:pure_salt_water":1,"minecraft:splash_potion":1,"minecraft:enchanted_book":15,"minecraft:bread":73,"minecraft:water_bucket":1,"vampirism:weapon_table":1,"deep_dark_regrowth:large_infected_mushroom":1,"born_in_chaos_v1:shattered_skull":1,"minecraft:wheat_seeds":12,"minecraft:lilac":1,"minecraft:mossy_cobblestone":3,"minecraft:diamond_leggings":2,"minecraft:feather":5,"minecraft:lead":1,"minecraft:book":3,"minecraft:cobblestone":167,"minecraft:iron_helmet":2,"minecraft:sculk_vein":9,"dungeonsweaponry:cutlass":1,"minecraft:apple":1,"delightful:green_tea_leaf":2,"deep_dark_regrowth:short_infected_mushroom":1,"minecraft:grass_block":3,"vampirism:amulet":1,"minecraft:coal":76,"deep_dark_regrowth:pulse_flower_petal":2,"minecraft:stick":8,"vampiresneedumbrellas:cactus_green_iron_umbrella":1,"minecraft:polished_andesite":2,"minecraft:lava_bucket":1,"minecraft:oxeye_daisy":1,"minecraft:cobweb":3,"minecraft:mossy_cobblestone_slab":1,"minecraft:iron_trapdoor":1,"minecraft:diorite":1,"minecraft:ink_sac":6,"minecraft:torch":27,"werewolves:cracked_bone":2,"minecraft:rose_bush":3,"minecraft:diamond_helmet":2,"minecraft:iron_leggings":5,"minecraft:potion":14,"minecraft:dead_bush":1,"delightful:acorn":1,"minecraft:iron_axe":1,"minecraft:mud":5,"minecraft:orange_bed":1,"vampirism:ring":1,"minecraft:iron_shovel":1,"minecraft:paper":5,"minecraft:string":1,"minecraft:smooth_sandstone":5,"minecraft:smooth_basalt":2,"irons_spellbooks:frozen_bone":2,"minecraft:bucket":1,"deep_dark_regrowth:apatine_seeds":9,"minecraft:redstone":15,"minecraft:anvil":1,"biomesoplenty:dried_salt":1,"minecraft:sweet_berries":11,"minecraft:kelp":64,"alexsmobs:maggot":1,"minecraft:cocoa_beans":3,"vampirism:obi_belt":1,"minecraft:tuff":50,"minecraft:sculk_sensor":9,"minecraft:iron_boots":2,"dungeonsweaponry:glaive":5,"alexsmobs:bear_fur":1,"minecraft:suspicious_stew":3,"minecraft:filled_map":1,"minecraft:deepslate_bricks":1,"minecraft:diamond_sword":2,"minecraft:potato":2,"minecraft:cyan_wool":1,"minecraft:stone":1,"minecraft:shield":2,"minecraft:oak_button":2,"fishofthieves:earthworms":18,"aether:iron_gloves":2,"aether:diamond_gloves":2,"minecraft:spruce_planks":1,"minecraft:diamond_pickaxe":1,"minecraft:iron_chestplate":2,"minecraft:mossy_stone_bricks":1,"minecraft:light_gray_bed":1,"minecraft:oak_sapling":26,"farmersdelight:minced_beef":9,"minecraft:golden_sword":1,"minecraft:stone_bricks":1,"minecraft:spider_eye":3,"minecraft:bow":6,"minecraft:wooden_pickaxe":1,"minecraft:magma_block":1},"minecraft:picked_up":{"irons_spellbooks:scroll":1,"minecraft:wheat":1,"minecraft:iron_chestplate":1,"securitycraft:keypad_item":7,"minecraft:iron_trapdoor":1,"minecraft:anvil":2,"minecraft:lead":2,"minecraft:diamond_sword":1,"minecraft:potion":4,"minecraft:enchanted_book":14,"dungeonsweaponry:cutlass":1,"vampirism:pure_salt_water":2,"minecraft:string":11,"minecraft:raw_copper":25,"aether:diamond_gloves":1,"minecraft:iron_leggings":2,"dungeonsweaponry:suns_grace":1,"minecraft:sculk_shrieker":4,"vampirism:obi_belt":2,"biomesoplenty:dead_sapling":5,"irons_spellbooks:arcane_essence":9,"minecraft:diamond_leggings":2,"minecraft:gold_nugget":2,"minecraft:cobbled_deepslate":233,"minecraft:bucket":1,"minecraft:spruce_planks":17,"delightful:acorn":14,"minecraft:rose_bush":3,"minecraft:iron_pickaxe":1,"delightful:green_tea_leaf":6,"minecraft:iron_boots":1,"minecraft:furnace":4,"minecraft:stick":37,"born_in_chaos_v1:shattered_skull":3,"minecraft:torch":39,"minecraft:acacia_log":1,"minecraft:diorite":1,"minecraft:cauldron":1,"alexsmobs:centipede_leg":1,"minecraft:pink_terracotta":6,"minecraft:black_dye":1,"minecraft:orange_bed":1,"vampirism:blood_bottle":83,"minecraft:rotten_flesh":53,"minecraft:obsidian":1,"minecraft:blaze_powder":2,"minecraft:cobblestone":436,"minecraft:mossy_cobblestone_slab":1,"vampirism:weapon_table":2,"minecraft:leather_chestplate":1,"minecraft:feather":2,"minecraft:lilac":1,"minecraft:water_bucket":1,"biomesoplenty:dried_salt":1,"biomesoplenty:dead_log":23,"alexsmobs:bear_fur":2,"paraglider:spirit_orb":18,"minecraft:flint":8,"minecraft:tuff":51,"evilcraft:flesh_humanoid":5,"deep_dark_regrowth:apatine_seeds":9,"minecraft:lapis_lazuli":30,"minecraft:dirt":102,"born_in_chaos_v1:monster_skin":6,"minecraft:leather_boots":1,"minecraft:bone":102,"minecraft:bow":5,"minecraft:wheat_seeds":16,"fishofthieves:earthworms":30,"minecraft:mossy_stone_bricks":2,"minecraft:diamond_helmet":2,"minecraft:glowstone_dust":45,"minecraft:oak_planks":4,"biomesoplenty:toadstool":3,"vampirism:ring":1,"vampirism:coffin_cyan":1,"minecraft:jungle_planks":5,"minecraft:sand":7,"minecraft:ink_sac":6,"minecraft:grass_block":6,"minecraft:dead_bush":1,"minecraft:dark_oak_log":35,"minecraft:mossy_cobblestone":4,"minecraft:polished_andesite":2,"minecraft:diamond":11,"waystones:waystone":5,"minecraft:golden_apple":3,"minecraft:emerald":89,"fishofthieves:cooked_wildsplash":3,"werewolves:cracked_bone":2,"alexsmobs:maggot":1,"minecraft:oak_sapling":65,"minecraft:netherrack":1,"minecraft:mud":7,"minecraft:cocoa_beans":3,"minecraft:chicken":1,"minecraft:turtle_helmet":1,"minecraft:leather_leggings":1,"minecraft:brown_mushroom":1,"minecraft:chain":1,"minecraft:moss_carpet":6,"minecraft:iron_axe":1,"born_in_chaos_v1:intoxicating_decoction":1,"minecraft:blackstone":129,"biomesoplenty:black_sand":1,"revive_hardcore_players:revive_crystal":2,"minecraft:cyan_wool":1,"minecraft:jungle_sapling":1,"minecraft:iron_nugget":1,"minecraft:poppy":2,"minecraft:chest":1,"minecraft:phantom_membrane":7,"minecraft:egg":1,"deep_dark_regrowth:pulse_flower":2,"minecraft:dark_oak_sapling":8,"minecraft:raw_iron":29,"untamedwilds:flora_bush_temperate":2,"biomesoplenty:wilted_lily":15,"werewolves:raw_silver":45,"minecraft:cookie":3,"born_in_chaos_v1:pieceofdarkmetal":2,"minecraft:carrot":3,"minecraft:redstone":15,"minecraft:arrow":49,"deep_dark_regrowth:large_infected_mushroom":1,"vampirism:altar_inspiration":2,"alexscaves:spelunkery_table":1,"minecraft:gold_ingot":132,"minecraft:mutton":1,"minecraft:skeleton_skull":1,"minecraft:oxeye_daisy":1,"born_in_chaos_v1:corpse_maggot":23,"vampirism:vampire_blood_bottle":1,"vampirism:item_tent":6,"born_in_chaos_v1:monster_flesh":9,"minecraft:leather":1,"minecraft:red_glazed_terracotta":1,"minecraft:red_mushroom":1,"doggytalents:rice_grains":8,"minecraft:oak_log":92,"minecraft:gunpowder":18,"minecraft:sculk_vein":9,"minecraft:white_banner":2,"minecraft:smooth_sandstone":4,"minecraft:apple":7,"minecraft:stone_bricks":4,"minecraft:kelp":12,"untamedwilds:material_fat":1,"deep_dark_regrowth:pulse_flower_petal":2,"minecraft:iron_ingot":2,"minecraft:cobweb":6,"deep_dark_regrowth:short_infected_mushroom":1,"farmersdelight:cyan_canvas_sign":1,"minecraft:glass_bottle":42,"minecraft:iron_sword":1,"minecraft:sculk_catalyst":1,"deep_dark_regrowth:plasma_chunk":1,"minecraft:smooth_basalt":2,"immersive_aircraft:cargo_airship":1,"minecraft:sweet_berries":11,"minecraft:sculk":45,"deep_dark_regrowth:apatine":6,"born_in_chaos_v1:ethereal_spirit":8,"waystones:mossy_waystone":2,"minecraft:gravel":21,"minecraft:lava_bucket":2,"minecraft:spider_eye":4,"minecraft:leather_helmet":2,"securitycraft:whitelist_module":15,"vampirism:coffin_gray":3,"minecraft:oak_wood":20,"minecraft:sculk_sensor":11,"minecraft:stone_axe":1,"minecraft:honey_block":2,"fishofthieves:devilfish":2,"evilcraft:dark_gem":18,"minecraft:iron_helmet":1,"dungeonsweaponry:glaive":12,"minecraft:oak_button":2,"minecraft:damaged_anvil":3,"farmersdelight:stove":1,"minecraft:coal":91},"minecraft:custom":{"minecraft:interact_with_crafting_table":36,"minecraft:open_barrel":24,"minecraft:leave_game":34,"minecraft:time_since_death":158309,"minecraft:damage_resisted":1356,"minecraft:sprint_one_cm":692337,"minecraft:damage_blocked_by_shield":180,"vampirism:interact_with_coffin":24,"minecraft:drop":582,"minecraft:talked_to_villager":11,"minecraft:play_time":771676,"minecraft:deaths":20,"minecraft:jump":4318,"minecraft:interact_with_brewingstand":1,"minecraft:walk_on_water_one_cm":138724,"minecraft:interact_with_furnace":22,"vampirism:altar_of_inspiration_rituals_performed":9,"minecraft:traded_with_villager":5,"minecraft:interact_with_loom":1,"vampirism:action_used_bat":315,"minecraft:sleep_in_bed":17,"vampirism:actions_used":381,"vampirism:action_used_regen":62,"minecraft:waystone_activated":19,"minecraft:open_enderchest":1,"minecraft:damage_dealt":53598,"minecraft:crouch_one_cm":44012,"vampirism:action_used_infect":4,"minecraft:use_cauldron":1,"minecraft:interact_with_smithing_table":7,"minecraft:interact_with_anvil":56,"minecraft:mob_kills":236,"minecraft:fill_cauldron":1,"vampirism:action_time_bat":49408,"minecraft:damage_dealt_resisted":4519,"minecraft:climb_one_cm":6099,"vampirism:amount_bitten":86,"minecraft:walk_one_cm":858770,"vampirism:action_time_regen":23004,"vampirism:skills_unlocked":48,"minecraft:damage_dealt_absorbed":157,"vampirism:infected_creatures":4,"vampirism:interact_with_altar_inspiration":84,"minecraft:sneak_time":30722,"minecraft:walk_under_water_one_cm":156206,"minecraft:boat_one_cm":6995,"minecraft:total_world_time":771676,"vampirism:blood_drunk":94600,"minecraft:time_since_rest":98309,"vampirism:resurrected":5,"minecraft:damage_taken":79844,"minecraft:damage_absorbed":361,"minecraft:swim_one_cm":112524,"minecraft:fly_one_cm":3001242,"minecraft:open_chest":323,"minecraft:fall_one_cm":127498},"minecraft:killed_by":{"rootoffear:wilted":1},"minecraft:killed":{"born_in_chaos_v1:zombie_clown":1,"vampirism:vampire":1,"vampirism:advanced_vampire":1,"born_in_chaos_v1:restless_spirit":4,"born_in_chaos_v1:skeleton_demoman":2,"mythicmounts:dragon":2,"minecraft:spider":7,"dungeonsweaponry:enchanter":1,"born_in_chaos_v1:baby_skeleton_minion":1,"born_in_chaos_v1:scarlet_persecutor":4,"minecraft:skeleton":44,"vampirism:blinding_bat":1,"minecraft:chicken":1,"born_in_chaos_v1:skeleton_thrasher":1,"vampirism:advanced_hunter":4,"born_in_chaos_v1:baby_skeleton_2":4,"alexsmobs:centipede_head":1,"untamedwilds:giant_salamander":1,"irons_spellbooks:summoned_skeleton":2,"born_in_chaos_v1:bonescaller":1,"alexsmobs:grizzly_bear":2,"minecraft:zombie_villager":1,"born_in_chaos_v1:wither_scuttler":2,"untamedwilds:boar":1,"dungeonsweaponry:nameless_one":2,"irons_spellbooks:necromancer":4,"minecraft:creeper":11,"born_in_chaos_v1:shy_spirit":1,"untamedwilds:bear":1,"minecraft:pillager":10,"minecraft:zombie":22,"born_in_chaos_v1:dread_hound":9,"born_in_chaos_v1:corpse_fly":10,"fishofthieves:devilfish":2,"alexsmobs:fly":1,"untamedwilds:snake":1,"born_in_chaos_v1:bone_imp_2":1,"irons_spellbooks:summoned_zombie":5,"dungeonsweaponry:vanguard":3,"minecraft:endermite":2,"born_in_chaos_v1:zombie_bruiser":5,"born_in_chaos_v1:maggot":12,"minecraft:phantom":9,"born_in_chaos_v1:corpse_fish":2,"born_in_chaos_v1:fallen_chaos_knight":2,"minecraft:husk":1,"born_in_chaos_v1:baby_skeleton":5,"born_in_chaos_v1:decrepit_skeleton":16,"born_in_chaos_v1:phantom_creeper_copy":1,"alexsmobs:gazelle":3,"born_in_chaos_v1:dark_vortex":1,"born_in_chaos_v1:nightmare_stalker":1,"minecraft:enderman":1},"minecraft:mined":{"biomesoplenty:mossy_black_sand":1,"minecraft:large_amethyst_bud":1,"minecraft:spruce_planks":3,"minecraft:sculk_vein":19,"minecraft:jungle_leaves":2,"vampirism:coffin_cyan":3,"deep_dark_regrowth:fluorescent_moss":1,"minecraft:acacia_log":9,"minecraft:grass_block":45,"minecraft:jungle_log":13,"vampirism:weapon_table":2,"deep_dark_regrowth:sculk_tendril":1,"biomesoplenty:dried_salt":1,"biomesoplenty:wilted_lily":1,"minecraft:spawner":8,"minecraft:chiseled_stone_bricks":1,"realmrpg_skeletons:dungeon_crawler_skeleton":1,"deep_dark_regrowth:vilethorn":2,"minecraft:sculk_catalyst":2,"minecraft:glowstone":15,"minecraft:iron_ore":18,"minecraft:cobbled_deepslate":4,"minecraft:fire":10,"minecraft:anvil":1,"minecraft:deepslate_lapis_ore":4,"vampirism:tent":4,"minecraft:sculk_shrieker":5,"minecraft:iron_bars":1,"minecraft:azalea":1,"farmersdelight:cyan_canvas_wall_sign":1,"minecraft:deepslate_redstone_ore":3,"deep_dark_regrowth:sculk_biter":5,"minecraft:blackstone":26,"minecraft:torch":5,"minecraft:chest":1,"deep_dark_regrowth:overloaded_sculk":4,"minecraft:cobblestone":18,"realmrpg_skeletons:thief_skeleton":1,"minecraft:oak_planks":2,"minecraft:damaged_anvil":3,"minecraft:wall_torch":8,"minecraft:cauldron":1,"minecraft:skeleton_skull":1,"minecraft:cyan_wool":1,"minecraft:mud":5,"realmrpg_skeletons:webbed_skeleton":1,"evilcraft:dark_ore_deepslate":1,"minecraft:lilac":1,"realmrpg_skeletons:acrobat_skeleton":1,"minecraft:grass":32,"biomesoplenty:dead_log":30,"minecraft:oak_log":303,"minecraft:sand":14,"minecraft:dirt":49,"minecraft:smooth_basalt":2,"dungeonsweaponry:emerald_pot":4,"minecraft:netherrack":2,"minecraft:oak_leaves":32,"werewolves:silver_ore":20,"minecraft:deepslate":209,"alexscaves:spelunkery_table":1,"minecraft:tuff":28,"minecraft:mossy_cobblestone":3,"deep_dark_regrowth:sculk_soil":2,"minecraft:deepslate_diamond_ore":11,"vampirism:altar_inspiration":2,"minecraft:dark_oak_log":35,"deep_dark_regrowth:sculk_sprouts":3,"minecraft:jungle_planks":4,"minecraft:kelp":12,"minecraft:furnace":2,"minecraft:carrots":1,"minecraft:orange_stained_glass_pane":2,"evilcraft:dark_ore":3,"minecraft:deepslate_iron_ore":11,"realmrpg_skeletons:arrow_skeleton":1,"minecraft:stone":355,"deep_dark_regrowth:pulse_flower":2,"minecraft:pink_terracotta":6,"minecraft:basalt":1,"minecraft:stone_brick_slab":1,"vampirism:tent_main":5,"minecraft:smooth_sandstone":4,"untamedwilds:flora_bush_temperate":2,"minecraft:honey_block":2,"minecraft:emerald_ore":2,"minecraft:oak_wood":14,"vampirism:coffin_gray":3,"minecraft:sculk_sensor":14,"minecraft:tall_grass":6,"minecraft:copper_ore":7,"minecraft:quartz_bricks":3,"minecraft:red_glazed_terracotta":1,"minecraft:deepslate_gold_ore":5,"minecraft:sculk":169,"minecraft:diorite":1,"untamedwilds:block_burrow":1,"minecraft:sweet_berry_bush":6,"minecraft:white_wall_banner":1,"deep_dark_regrowth:apatine_plant":1,"minecraft:coal_ore":13,"evilcraft:blood_stain":1,"werewolves:deepslate_silver_ore":26,"minecraft:gravel":12,"farmersdelight:stove":1,"minecraft:cobweb":11,"minecraft:cracked_stone_bricks":3,"minecraft:polished_andesite":1,"minecraft:stone_bricks":4,"minecraft:mossy_stone_bricks":2,"minecraft:iron_trapdoor":1,"minecraft:fern":1},"minecraft:used":{"fishofthieves:cooked_wildsplash":1,"minecraft:writable_book":1,"minecraft:iron_shovel":61,"minecraft:diamond_hoe":231,"born_in_chaos_v1:intoxicating_decoction":4,"farmersdelight:stove":2,"minecraft:chest":39,"minecraft:shield":2,"minecraft:stone":96,"minecraft:iron_sword":243,"minecraft:grass":3,"minecraft:iron_chestplate":2,"minecraft:soul_sand":13,"securitycraft:keypad_item":15,"minecraft:jungle_planks":2,"minecraft:tuff":3,"vampirism:coffin_cyan":3,"minecraft:obsidian":20,"deep_dark_regrowth:corruption_chestplate":2,"born_in_chaos_v1:corpse_maggot":5,"vampirism:item_tent":3,"minecraft:lava_bucket":13,"minecraft:grass_block":146,"farmersdelight:cyan_canvas_sign":2,"farmersdelight:lime_canvas_sign":1,"minecraft:stone_brick_stairs":13,"minecraft:golden_sword":10,"deep_dark_regrowth:corruption_leggings":2,"minecraft:bow":33,"minecraft:magma_block":15,"minecraft:furnace":8,"deep_dark_regrowth:corruption_boots":2,"deep_dark_regrowth:corruption_helmet":1,"minecraft:mossy_stone_bricks":1,"minecraft:diamond_boots":1,"vampirism:coffin_gray":3,"minecraft:leather_leggings":1,"minecraft:damaged_anvil":5,"dungeonsweaponry:glaive":5,"minecraft:stone_pickaxe":98,"minecraft:blackstone":7,"minecraft:oak_planks":84,"minecraft:ender_pearl":45,"minecraft:wooden_pickaxe":7,"minecraft:leather_chestplate":1,"minecraft:diamond_axe":21,"minecraft:blue_bed":2,"minecraft:cookie":1,"minecraft:oak_leaves":7,"immersive_aircraft:cargo_airship":1,"minecraft:golden_apple":1,"securitycraft:universal_block_remover":2,"minecraft:lingering_potion":1,"minecraft:black_bed":2,"waystones:waystone":12,"born_in_chaos_v1:monster_flesh":1,"minecraft:bread":11,"minecraft:diamond_sword":546,"minecraft:smithing_table":1,"minecraft:chain":1,"minecraft:air":1,"minecraft:tropical_fish_bucket":9,"securitycraft:whitelist_module":12,"delightful:acorn":4,"minecraft:experience_bottle":84,"fishofthieves:devilfish":2,"minecraft:stone_sword":50,"minecraft:flint_and_steel":4,"smallships:dark_oak_brigg":1,"minecraft:spruce_planks":108,"minecraft:ender_chest":1,"minecraft:torch":317,"fishofthieves:earthworms":6,"minecraft:dirt":117,"minecraft:anvil":4,"dungeonsweaponry:backstabber":19,"minecraft:diamond_helmet":2,"minecraft:cod_bucket":1,"minecraft:oak_wood":9,"minecraft:iron_axe":1,"paraglider:goron_goddess_statue":1,"minecraft:smooth_sandstone":17,"evilcraft:flesh_humanoid":2,"minecraft:diamond_chestplate":1,"minecraft:glowstone":4,"biomesoplenty:wilted_lily":4,"minecraft:iron_leggings":1,"biomesoplenty:dead_log":10,"minecraft:cobbled_deepslate":13,"minecraft:enchanted_golden_apple":1,"minecraft:light_gray_bed":1,"biomesoplenty:black_sand":1,"minecraft:water_bucket":73,"vampirism:altar_inspiration":3,"minecraft:glass_bottle":80,"smallships:dark_oak_cog":1,"minecraft:cauldron":1,"minecraft:leather_boots":1,"minecraft:deepslate_bricks":37,"minecraft:crafting_table":3,"minecraft:diamond_pickaxe":632,"minecraft:iron_pickaxe":170,"waystones:mossy_waystone":2,"minecraft:leather_helmet":2,"minecraft:spruce_trapdoor":4,"minecraft:stone_axe":6,"minecraft:chiseled_stone_bricks":1,"minecraft:cobblestone":14,"minecraft:potion":88,"travelersbackpack:standard":39,"toughasnails:purified_water_bottle":1,"minecraft:white_banner":2,"minecraft:bucket":71,"alexsmobs:animal_dictionary":1,"minecraft:kelp":30,"minecraft:splash_potion":30,"minecraft:diamond_leggings":3},"minecraft:broken":{"minecraft:diamond_helmet":1,"minecraft:iron_boots":1,"minecraft:iron_chestplate":2,"minecraft:iron_leggings":1,"minecraft:leather_helmet":1,"minecraft:iron_helmet":1}},"DataVersion":3465}