{"stats":{"minecraft:picked_up":{"minecraft:crafting_table":1,"minecraft:ladder":1,"minecraft:mushroom_stew":1,"minecraft:gunpowder":3,"minecraft:cornflower":1,"minecraft:dirt":12,"minecraft:string":3,"minecraft:name_tag":1,"minecraft:compass":1,"minecraft:bone":6,"minecraft:wheat_seeds":38,"minecraft:gold_nugget":8,"minecraft:cobweb":2,"minecraft:rose_bush":2,"minecraft:iron_nugget":3,"minecraft:poppy":1,"biomesoplenty:wildflower":31,"minecraft:tipped_arrow":1,"minecraft:pumpkin":1,"minecraft:dandelion":1,"minecraft:sand":1,"minecraft:spider_eye":6,"minecraft:diamond":4,"minecraft:beetroot_seeds":4,"tombstone:scroll_of_knowledge":1,"minecraft:saddle":2,"minecraft:gold_ingot":10,"minecraft:leather_horse_armor":1,"minecraft:melon_seeds":8,"minecraft:cobblestone":1},"minecraft:custom":{"minecraft:inspect_dropper":1,"minecraft:mob_kills":2,"minecraft:open_barrel":1,"minecraft:leave_game":2,"minecraft:time_since_death":80578,"minecraft:sleep_in_bed":2,"minecraft:climb_one_cm":1420,"minecraft:time_since_rest":19103,"minecraft:sprint_one_cm":38579,"minecraft:walk_one_cm":141420,"minecraft:trigger_trapped_chest":1,"minecraft:drop":21,"minecraft:damage_dealt":746,"minecraft:fly_one_cm":906303,"minecraft:open_chest":4,"minecraft:crouch_one_cm":4579,"minecraft:play_time":80578,"minecraft:sneak_time":4064,"minecraft:walk_under_water_one_cm":5750,"minecraft:jump":300,"minecraft:walk_on_water_one_cm":105,"minecraft:total_world_time":80578,"minecraft:fall_one_cm":894},"minecraft:used":{"create:handheld_worldshaper":21,"minecraft:dark_oak_stairs":26,"tombstone:scroll_of_knowledge":1,"create_sabers:double_zinc_saber_black":1,"minecraft:spruce_slab":22,"minecraft:oak_planks":28,"minecraft:ladder":2,"minecraft:spruce_planks":4,"minecraft:stone":3,"minecraft:iron_sword":8,"minecraft:dirt":55,"valhelsia_structures:metal_framed_glass_pane":2,"minecraft:stripped_dark_oak_log":6,"minecraft:oak_slab":47,"minecraft:red_bed":2,"minecraft:spruce_stairs":37,"create_sabers:double_zinc_saber_blue":7,"minecraft:spruce_log":2,"minecraft:stripped_spruce_log":5,"minecraft:oak_log":17,"minecraft:piston":1,"minecraft:lantern":6,"minecraft:grass_block":76,"minecraft:oak_stairs":1,"cfm:stripped_spruce_park_bench":6,"minecraft:cobblestone":5,"cfm:spruce_park_bench":38,"valhelsia_furniture:red_curtain":2,"minecraft:stripped_oak_log":1},"minecraft:dropped":{"minecraft:bread":129,"minecraft:oak_log":128,"minecraft:cobblestone":1,"minecraft:lantern":64,"minecraft:orange_wool":64,"minecraft:grass_block":1,"minecraft:dirt":64,"minecraft:gunpowder":3,"tombstone:scroll_of_knowledge":1,"minecraft:stone_bricks":128,"rechiseled:chisel":1,"minecraft:spruce_log":192,"minecraft:iron_axe":1,"minecraft:white_wool":64,"minecraft:gold_ingot":5},"minecraft:killed":{"minecraft:creeper":2}},"DataVersion":3465}