{"stats":{"minecraft:dropped":{"minecraft:gunpowder":3,"tombstone:scroll_of_knowledge":1,"minecraft:cobblestone":1,"minecraft:grass_block":1,"minecraft:gold_ingot":5},"minecraft:killed":{"minecraft:creeper":2},"minecraft:picked_up":{"minecraft:ladder":1,"minecraft:dandelion":1,"minecraft:gunpowder":3,"minecraft:cornflower":1,"minecraft:diamond":3,"minecraft:wheat_seeds":24,"tombstone:scroll_of_knowledge":1,"minecraft:rose_bush":2,"minecraft:gold_ingot":5,"minecraft:poppy":1,"biomesoplenty:wildflower":31},"minecraft:custom":{"minecraft:time_since_rest":27093,"minecraft:inspect_dropper":1,"minecraft:sprint_one_cm":21559,"minecraft:walk_one_cm":57728,"minecraft:trigger_trapped_chest":1,"minecraft:mob_kills":2,"minecraft:drop":5,"minecraft:damage_dealt":399,"minecraft:fly_one_cm":741120,"minecraft:open_barrel":1,"minecraft:open_chest":3,"minecraft:crouch_one_cm":2776,"minecraft:play_time":52896,"minecraft:sneak_time":2972,"minecraft:walk_under_water_one_cm":5750,"minecraft:jump":157,"minecraft:leave_game":1,"minecraft:walk_on_water_one_cm":105,"minecraft:time_since_death":52896,"minecraft:sleep_in_bed":1,"minecraft:total_world_time":52896,"minecraft:climb_one_cm":744,"minecraft:fall_one_cm":894},"minecraft:used":{"minecraft:oak_log":5,"create:handheld_worldshaper":16,"minecraft:piston":1,"minecraft:dark_oak_stairs":26,"tombstone:scroll_of_knowledge":1,"minecraft:grass_block":22,"minecraft:oak_stairs":1,"minecraft:spruce_slab":22,"minecraft:ladder":2,"minecraft:oak_planks":20,"minecraft:spruce_planks":4,"minecraft:stone":3,"minecraft:dirt":2,"valhelsia_structures:metal_framed_glass_pane":2,"minecraft:cobblestone":5,"minecraft:stripped_dark_oak_log":6,"minecraft:oak_slab":47,"minecraft:spruce_stairs":37,"create_sabers:double_zinc_saber_blue":7,"valhelsia_furniture:red_curtain":2,"minecraft:stripped_oak_log":1,"minecraft:stripped_spruce_log":5}},"DataVersion":3465}