{"stats":{"minecraft:picked_up":{"minecraft:crafting_table":1,"minecraft:ladder":1,"minecraft:mushroom_stew":1,"minecraft:stone_brick_stairs":1,"minecraft:gunpowder":3,"minecraft:cornflower":1,"minecraft:dirt":19,"minecraft:string":3,"minecraft:name_tag":1,"minecraft:compass":1,"minecraft:bone":6,"minecraft:stone_bricks":1,"minecraft:wheat_seeds":38,"minecraft:gold_nugget":8,"minecraft:cobweb":2,"minecraft:rose_bush":2,"minecraft:iron_nugget":3,"minecraft:poppy":1,"minecraft:spruce_slab":1,"biomesoplenty:wildflower":31,"minecraft:tipped_arrow":1,"minecraft:scaffolding":1,"minecraft:pumpkin":1,"minecraft:dandelion":1,"minecraft:sand":1,"minecraft:spider_eye":6,"minecraft:diamond":4,"minecraft:beetroot_seeds":4,"tombstone:scroll_of_knowledge":1,"minecraft:saddle":2,"minecraft:gold_ingot":10,"minecraft:leather_horse_armor":1,"minecraft:melon_seeds":8,"iammusicplayer:boombox":1,"minecraft:cobblestone":1},"minecraft:custom":{"minecraft:inspect_dropper":1,"minecraft:mob_kills":2,"minecraft:open_barrel":1,"minecraft:leave_game":3,"minecraft:time_since_death":96944,"minecraft:sleep_in_bed":4,"minecraft:climb_one_cm":1420,"minecraft:time_since_rest":10767,"minecraft:sprint_one_cm":48026,"minecraft:walk_one_cm":159452,"minecraft:trigger_trapped_chest":1,"minecraft:drop":48,"minecraft:damage_dealt":817,"minecraft:fly_one_cm":1088454,"minecraft:open_chest":4,"minecraft:crouch_one_cm":5066,"minecraft:play_time":96944,"minecraft:sneak_time":4588,"minecraft:walk_under_water_one_cm":5750,"minecraft:jump":384,"minecraft:walk_on_water_one_cm":105,"minecraft:total_world_time":96944,"minecraft:fall_one_cm":894},"minecraft:used":{"create:handheld_worldshaper":21,"minecraft:dark_oak_stairs":26,"tombstone:scroll_of_knowledge":1,"minecraft:dirt_path":1,"create_sabers:double_zinc_saber_black":1,"cfm:stripped_jungle_park_bench":7,"minecraft:spruce_slab":22,"minecraft:oak_planks":28,"minecraft:ladder":2,"minecraft:chest":3,"minecraft:spruce_planks":4,"minecraft:stone":3,"minecraft:iron_sword":8,"iammusicplayer:music_manager":1,"minecraft:dirt":57,"valhelsia_structures:metal_framed_glass_pane":2,"iammusicplayer:boombox":2,"minecraft:stripped_dark_oak_log":6,"minecraft:oak_slab":47,"minecraft:red_bed":4,"minecraft:spruce_stairs":37,"create_sabers:double_zinc_saber_blue":7,"minecraft:spruce_log":2,"minecraft:stripped_spruce_log":5,"minecraft:oak_log":23,"minecraft:piston":1,"minecraft:lantern":6,"minecraft:grass_block":77,"minecraft:oak_stairs":1,"minecraft:rooted_dirt":1,"minecraft:gravel":1,"cfm:stripped_spruce_park_bench":49,"minecraft:stone_bricks":1,"minecraft:cobblestone":5,"cfm:spruce_park_bench":42,"create_sabers:double_brass_saber_red":1,"valhelsia_furniture:red_curtain":2,"minecraft:stripped_oak_log":1,"minecraft:coarse_dirt":1},"minecraft:dropped":{"minecraft:gravel":64,"minecraft:bread":129,"minecraft:oak_log":128,"minecraft:coarse_dirt":64,"minecraft:red_banner":16,"minecraft:cobblestone":1,"minecraft:lantern":64,"minecraft:cracked_stone_bricks":64,"minecraft:orange_wool":64,"minecraft:grass_block":1,"minecraft:dirt":128,"minecraft:stone":64,"minecraft:gunpowder":3,"tombstone:scroll_of_knowledge":1,"minecraft:stone_bricks":832,"minecraft:spruce_slab":192,"rechiseled:chisel":1,"minecraft:spruce_log":192,"minecraft:white_banner":16,"minecraft:iron_axe":1,"minecraft:iron_pickaxe":1,"minecraft:iron_shovel":1,"minecraft:scaffolding":64,"minecraft:stone_brick_stairs":192,"minecraft:white_wool":64,"minecraft:gold_ingot":5},"minecraft:killed":{"minecraft:creeper":2}},"DataVersion":3465}