{"stats":{"minecraft:used":{"minecraft:leather_leggings":1,"minecraft:stone_pickaxe":86,"minecraft:string":1,"minecraft:leather_helmet":1,"minecraft:sugar_cane":4,"minecraft:leather_boots":1,"minecraft:rotten_flesh":7,"minecraft:stone_axe":88,"minecraft:mossy_cobblestone":2,"minecraft:cobblestone":9,"minecraft:crafting_table":5,"alexsmobs:animal_dictionary":1,"tombstone:gift":1,"minecraft:acacia_planks":10,"minecraft:smoker":1},"minecraft:picked_up":{"minecraft:crafting_table":4,"minecraft:feather":2,"minecraft:acacia_log":7,"alexsmobs:shark_tooth":1,"minecraft:smoker":2,"minecraft:mossy_cobblestone":2,"minecraft:dirt":20,"minecraft:string":1,"biomesoplenty:mahogany_log":3,"minecraft:arrow":1,"minecraft:bone":2,"minecraft:rotten_flesh":7,"minecraft:wheat_seeds":1,"biomesoplenty:palm_log":6,"alexsmobs:emu_feather":5,"minecraft:poppy":3,"tombstone:magic_scroll":1,"minecraft:coal":9,"minecraft:sugar_cane":4,"minecraft:cobblestone":24},"minecraft:custom":{"minecraft:time_since_rest":15877,"minecraft:sprint_one_cm":70819,"minecraft:damage_taken":515,"minecraft:walk_one_cm":79632,"minecraft:mob_kills":11,"minecraft:drop":2,"minecraft:damage_dealt":2606,"minecraft:interact_with_crafting_table":6,"minecraft:swim_one_cm":41123,"minecraft:fly_one_cm":128796,"minecraft:open_chest":1,"minecraft:play_time":31156,"minecraft:crouch_one_cm":3801,"tombstone:undead_killed":5,"minecraft:deaths":1,"minecraft:sneak_time":2455,"minecraft:walk_under_water_one_cm":29272,"minecraft:jump":726,"minecraft:time_since_death":17709,"minecraft:walk_on_water_one_cm":15753,"minecraft:total_world_time":31156,"minecraft:climb_one_cm":2226,"minecraft:interact_with_smoker":2,"minecraft:inspect_dispenser":2,"minecraft:fall_one_cm":13848},"minecraft:dropped":{"minecraft:wheat_seeds":1,"minecraft:feather":1},"minecraft:mined":{"minecraft:mossy_cobblestone":1,"biomesoplenty:mahogany_log":3,"minecraft:smoker":2,"minecraft:crafting_table":4,"minecraft:coal_ore":9,"minecraft:acacia_log":9,"minecraft:grass":4,"minecraft:grass_block":1,"minecraft:poppy":4,"minecraft:dead_bush":1,"minecraft:dirt":7,"minecraft:cobblestone":9,"minecraft:stone":10,"minecraft:sugar_cane":4,"biomesoplenty:dune_grass":5,"minecraft:fern":2,"biomesoplenty:palm_log":6},"minecraft:broken":{"minecraft:stone_pickaxe":1,"minecraft:stone_axe":1},"minecraft:crafted":{"minecraft:crafting_table":2,"minecraft:stick":8,"biomesoplenty:mahogany_planks":12,"minecraft:stone_pickaxe":2,"minecraft:acacia_planks":20,"minecraft:stone_axe":2,"biomesoplenty:palm_planks":24},"minecraft:killed":{"minecraft:husk":5,"alexsmobs:emu":6}},"DataVersion":3465}