{"stats":{"minecraft:picked_up":{"minecraft:crafting_table":5,"minecraft:feather":2,"minecraft:andesite":18,"minecraft:smoker":3,"minecraft:amethyst_block":7,"minecraft:string":2,"alexsmobs:gazelle_horn":3,"minecraft:dirt":20,"minecraft:bone":2,"alexsmobs:emu_feather":6,"minecraft:wheat_seeds":1,"minecraft:cobbled_deepslate":16,"minecraft:calcite":5,"minecraft:poppy":3,"minecraft:sugar_cane":4,"minecraft:smooth_basalt":4,"minecraft:torch":2,"alexsmobs:shark_tooth":1,"minecraft:acacia_log":7,"minecraft:diorite":1,"minecraft:mossy_cobblestone":2,"biomesoplenty:mahogany_log":3,"minecraft:arrow":1,"minecraft:rotten_flesh":7,"biomesoplenty:palm_log":6,"minecraft:granite":33,"tombstone:magic_scroll":1,"minecraft:mutton":4,"minecraft:coal":16,"minecraft:cobblestone":167},"minecraft:used":{"minecraft:cooked_mutton":2,"minecraft:leather_leggings":1,"minecraft:stone_pickaxe":326,"minecraft:sugar_cane":4,"minecraft:leather_boots":1,"minecraft:rotten_flesh":7,"minecraft:torch":26,"minecraft:mossy_cobblestone":2,"minecraft:dirt":5,"minecraft:crafting_table":6,"minecraft:granite":30,"minecraft:smoker":2,"minecraft:string":1,"minecraft:leather_helmet":1,"minecraft:stone_axe":106,"minecraft:cobblestone":9,"tombstone:gift":1,"alexsmobs:animal_dictionary":1,"minecraft:acacia_planks":10},"minecraft:custom":{"minecraft:mob_kills":20,"minecraft:interact_with_crafting_table":7,"minecraft:time_since_death":22880,"minecraft:climb_one_cm":2226,"minecraft:time_since_rest":21492,"minecraft:sprint_one_cm":132544,"minecraft:damage_taken":711,"minecraft:walk_one_cm":116325,"minecraft:drop":6,"minecraft:damage_dealt":3645,"minecraft:swim_one_cm":73456,"minecraft:fly_one_cm":272937,"minecraft:open_chest":1,"minecraft:crouch_one_cm":4632,"minecraft:play_time":55156,"tombstone:undead_killed":5,"minecraft:deaths":2,"minecraft:sneak_time":2861,"minecraft:walk_under_water_one_cm":41291,"minecraft:jump":1255,"minecraft:walk_on_water_one_cm":26572,"minecraft:interact_with_smoker":4,"minecraft:total_world_time":55156,"minecraft:fall_one_cm":25684,"minecraft:inspect_dispenser":2},"minecraft:dropped":{"minecraft:wheat_seeds":1,"minecraft:feather":2,"minecraft:poppy":3},"minecraft:mined":{"minecraft:mossy_cobblestone":1,"minecraft:smoker":3,"biomesoplenty:desert_grass":3,"minecraft:glow_lichen":1,"minecraft:crafting_table":5,"minecraft:granite":33,"minecraft:budding_amethyst":1,"minecraft:acacia_log":9,"minecraft:calcite":5,"minecraft:grass_block":1,"minecraft:poppy":4,"minecraft:dead_bush":1,"minecraft:cobblestone":9,"minecraft:sugar_cane":4,"minecraft:diorite":1,"biomesoplenty:dune_grass":6,"minecraft:wall_torch":2,"minecraft:amethyst_block":7,"biomesoplenty:palm_log":6,"biomesoplenty:mahogany_log":3,"minecraft:andesite":19,"minecraft:grass":5,"minecraft:coal_ore":16,"minecraft:dirt":7,"minecraft:smooth_basalt":4,"minecraft:stone":154,"minecraft:deepslate":18,"minecraft:fern":2},"minecraft:broken":{"minecraft:stone_pickaxe":2,"minecraft:stone_axe":1},"minecraft:crafted":{"minecraft:crafting_table":2,"biomesoplenty:mahogany_planks":12,"minecraft:stone_axe":2,"minecraft:cooked_mutton":4,"minecraft:stick":24,"minecraft:stone_pickaxe":3,"minecraft:acacia_planks":20,"minecraft:torch":32,"biomesoplenty:palm_planks":24},"minecraft:killed":{"minecraft:husk":5,"minecraft:spider":1,"alexsmobs:emu":8,"alexsmobs:gazelle":6}},"DataVersion":3465}