{"stats":{"minecraft:used":{"minecraft:leather_leggings":1,"minecraft:cobblestone":1,"minecraft:crafting_table":2,"minecraft:stone_pickaxe":20,"minecraft:string":1,"minecraft:leather_helmet":1,"minecraft:leather_boots":1},"minecraft:picked_up":{"minecraft:crafting_table":1,"biomesoplenty:mahogany_log":3,"minecraft:wheat_seeds":1,"minecraft:string":1,"minecraft:cobblestone":24,"minecraft:dirt":20,"minecraft:mossy_cobblestone":2},"minecraft:custom":{"minecraft:open_chest":1,"minecraft:time_since_rest":7416,"minecraft:play_time":7416,"minecraft:sprint_one_cm":26224,"minecraft:damage_taken":180,"minecraft:walk_one_cm":16455,"minecraft:walk_under_water_one_cm":568,"minecraft:drop":1,"minecraft:jump":124,"minecraft:interact_with_smoker":1,"minecraft:walk_on_water_one_cm":497,"minecraft:time_since_death":7416,"minecraft:swim_one_cm":321,"minecraft:inspect_dispenser":2,"minecraft:total_world_time":7416,"minecraft:climb_one_cm":1610,"minecraft:fly_one_cm":17667,"minecraft:interact_with_crafting_table":3,"minecraft:fall_one_cm":3766},"minecraft:mined":{"minecraft:grass_block":1,"minecraft:dirt":7,"minecraft:mossy_cobblestone":1,"biomesoplenty:mahogany_log":3,"minecraft:cobblestone":9,"minecraft:stone":10,"minecraft:crafting_table":1,"minecraft:fern":2},"minecraft:crafted":{"minecraft:crafting_table":2,"minecraft:stick":4,"biomesoplenty:mahogany_planks":12,"minecraft:stone_pickaxe":1},"minecraft:dropped":{"minecraft:wheat_seeds":1}},"DataVersion":3465}