{"stats":{"minecraft:used":{"minecraft:leather_leggings":1,"minecraft:stone_pickaxe":21,"minecraft:string":1,"minecraft:leather_helmet":1,"minecraft:sugar_cane":4,"minecraft:leather_boots":1,"minecraft:rotten_flesh":1,"minecraft:stone_axe":35,"minecraft:mossy_cobblestone":2,"minecraft:cobblestone":2,"minecraft:crafting_table":3,"tombstone:gift":1,"alexsmobs:animal_dictionary":1},"minecraft:killed":{"alexsmobs:emu":6},"minecraft:picked_up":{"minecraft:crafting_table":2,"minecraft:feather":2,"alexsmobs:shark_tooth":1,"minecraft:smoker":1,"minecraft:mossy_cobblestone":2,"minecraft:dirt":20,"minecraft:string":1,"minecraft:bone":2,"biomesoplenty:mahogany_log":3,"minecraft:arrow":1,"minecraft:rotten_flesh":1,"biomesoplenty:palm_log":6,"alexsmobs:emu_feather":5,"minecraft:wheat_seeds":1,"minecraft:poppy":3,"minecraft:sugar_cane":4,"minecraft:cobblestone":24},"minecraft:custom":{"minecraft:time_since_rest":4137,"minecraft:sprint_one_cm":64193,"minecraft:damage_taken":301,"minecraft:walk_one_cm":54656,"minecraft:mob_kills":6,"minecraft:drop":2,"minecraft:damage_dealt":1315,"minecraft:interact_with_crafting_table":4,"minecraft:swim_one_cm":26467,"minecraft:fly_one_cm":114138,"minecraft:open_chest":1,"minecraft:play_time":19416,"minecraft:deaths":1,"minecraft:walk_under_water_one_cm":13764,"minecraft:jump":498,"minecraft:time_since_death":5969,"minecraft:walk_on_water_one_cm":8177,"minecraft:climb_one_cm":2226,"minecraft:total_world_time":19416,"minecraft:interact_with_smoker":1,"minecraft:fall_one_cm":10154,"minecraft:inspect_dispenser":2},"minecraft:mined":{"minecraft:mossy_cobblestone":1,"biomesoplenty:mahogany_log":3,"minecraft:smoker":1,"minecraft:crafting_table":2,"minecraft:grass":4,"minecraft:grass_block":1,"minecraft:poppy":4,"minecraft:dead_bush":1,"minecraft:dirt":7,"minecraft:cobblestone":9,"minecraft:stone":10,"minecraft:sugar_cane":4,"biomesoplenty:palm_log":6,"minecraft:fern":2},"minecraft:crafted":{"minecraft:crafting_table":2,"minecraft:stick":4,"biomesoplenty:mahogany_planks":12,"minecraft:stone_pickaxe":1,"minecraft:stone_axe":1},"minecraft:dropped":{"minecraft:wheat_seeds":1,"minecraft:feather":1}},"DataVersion":3465}