{"stats":{"minecraft:dropped":{"minecraft:glass_bottle":1},"minecraft:picked_up":{"minecraft:cooked_beef":6,"minecraft:potion":2,"evilcraft:flesh_humanoid":1,"minecraft:smooth_quartz_stairs":6,"fishofthieves:wildsplash":1},"minecraft:custom":{"minecraft:time_since_rest":5050,"minecraft:waystone_activated":2,"minecraft:crouch_one_cm":364,"minecraft:play_time":21237,"minecraft:sprint_one_cm":11013,"minecraft:deaths":3,"minecraft:damage_taken":1200,"minecraft:walk_one_cm":26718,"minecraft:sneak_time":753,"minecraft:walk_under_water_one_cm":61752,"minecraft:drop":1,"minecraft:jump":155,"minecraft:damage_dealt":3,"minecraft:leave_game":11,"minecraft:walk_on_water_one_cm":19367,"minecraft:time_since_death":4603,"minecraft:climb_one_cm":2245,"minecraft:total_world_time":21237,"minecraft:damage_resisted":10,"minecraft:swim_one_cm":8387,"minecraft:fall_one_cm":5115,"minecraft:fly_one_cm":76401},"minecraft:used":{"minecraft:smooth_quartz_stairs":6,"minecraft:potion":8,"fishofthieves:wildsplash":1,"minecraft:glass_bottle":6,"minecraft:cooked_beef":4}},"DataVersion":3465}