{"stats":{"minecraft:mined":{"minecraft:mossy_cobblestone":7,"minecraft:cobblestone_stairs":1,"minecraft:jungle_leaves":32,"biomesoplenty:desert_grass":2,"minecraft:chiseled_polished_blackstone":1,"minecraft:grass_block":5,"minecraft:spawner":3,"minecraft:mossy_cobblestone_slab":1,"minecraft:furnace":1,"minecraft:iron_ore":20,"valhelsia_structures:cracked_big_glazed_jar":3,"minecraft:andesite":5,"biomesoplenty:mahogany_leaves":255,"valhelsia_structures:brown_glazed_jar":1,"minecraft:cobblestone_slab":1,"minecraft:vine":5,"minecraft:stone":59,"minecraft:red_bed":1,"biomesoplenty:wildflower":1,"minecraft:crafting_table":6,"biomesoplenty:mahogany_planks":6,"minecraft:melon":65,"minecraft:copper_ore":5,"minecraft:cobblestone":7,"minecraft:lapis_ore":4,"farmersdelight:wild_tomatoes":8,"minecraft:diorite":1,"minecraft:wall_torch":1,"minecraft:big_dripleaf":1,"supplementaries:urn":1,"biomesoplenty:mahogany_log":31,"valhelsia_structures:metal_framed_glass_pane":2,"minecraft:grass":40,"minecraft:coal_ore":59,"valhelsia_structures:cracked_glazed_jar":1,"minecraft:dirt":2,"minecraft:cobweb":1,"minecraft:oak_leaves":33,"minecraft:fern":43,"paraglider:goddess_statue":1},"minecraft:picked_up":{"minecraft:iron_chestplate":1,"minecraft:crafting_table":7,"paraglider:goddess_statue":1,"minecraft:string":14,"minecraft:red_bed":1,"minecraft:raw_copper":15,"minecraft:iron_axe":1,"butchersdelight:dead_cow":8,"supplementaries:bomb":4,"minecraft:beef":2,"minecraft:cobblestone_slab":1,"minecraft:jungle_sapling":2,"minecraft:melon_slice":344,"minecraft:furnace":1,"minecraft:raw_iron":32,"minecraft:stick":9,"minecraft:big_dripleaf":1,"minecraft:torch":3,"farmersdelight:tomato_seeds":8,"tombstone:grave_dust":10,"minecraft:rotten_flesh":10,"twilightforest:magic_beans":1,"butchersdelight:deadsheep":7,"minecraft:arrow":1,"minecraft:beetroot_seeds":1,"biomesoplenty:mahogany_sapling":12,"supplementaries:ash":1,"minecraft:white_wool":7,"minecraft:cobblestone":104,"minecraft:mossy_cobblestone_slab":1,"paraglider:spirit_orb":6,"butchersdelight:deadpig":6,"supplementaries:flax_seeds":3,"minecraft:cobblestone_stairs":1,"farmersdelight:tomato":2,"minecraft:lapis_lazuli":31,"minecraft:dirt":10,"minecraft:bone":3,"minecraft:wheat_seeds":34,"valhelsia_structures:metal_framed_glass_pane":2,"minecraft:iron_ingot":16,"biomesoplenty:mahogany_planks":156,"minecraft:chiseled_polished_blackstone":1,"minecraft:torchflower_seeds":2,"butchersdelight:cow_hide":12,"minecraft:mossy_cobblestone":7,"biomesoplenty:mahogany_log":28,"minecraft:pumpkin_seeds":2,"minecraft:stone_axe":2,"tombstone:magic_scroll":2,"minecraft:oak_sapling":1,"minecraft:coal":104},"minecraft:broken":{"minecraft:stone_hoe":1,"minecraft:stone_axe":1},"minecraft:crafted":{"biomesoplenty:mahogany_planks":112,"minecraft:furnace":1,"minecraft:iron_boots":1,"minecraft:iron_axe":1,"minecraft:stone_pickaxe":1,"minecraft:chest":1,"minecraft:stone_hoe":2,"sophisticatedbackpacks:backpack":1,"minecraft:crafting_table":2,"minecraft:iron_helmet":1,"minecraft:wooden_pickaxe":1,"minecraft:stone_axe":2,"minecraft:iron_chestplate":1,"minecraft:shield":1,"minecraft:stick":32,"minecraft:iron_ingot":20,"minecraft:iron_pickaxe":1,"minecraft:stone_sword":1,"minecraft:torch":48},"minecraft:custom":{"minecraft:mob_kills":37,"minecraft:interact_with_crafting_table":22,"minecraft:open_barrel":2,"minecraft:leave_game":1,"minecraft:time_since_death":75352,"minecraft:climb_one_cm":5363,"minecraft:sprint_one_cm":370894,"minecraft:walk_one_cm":349336,"minecraft:damage_blocked_by_shield":740,"minecraft:drop":89,"minecraft:talked_to_villager":1,"minecraft:play_time":125568,"minecraft:deaths":5,"minecraft:sneak_time":4625,"minecraft:walk_under_water_one_cm":9256,"minecraft:jump":3219,"minecraft:walk_on_water_one_cm":11922,"minecraft:total_world_time":125568,"minecraft:interact_with_furnace":7,"minecraft:interact_with_grindstone":1,"minecraft:time_since_rest":10439,"minecraft:damage_taken":3342,"minecraft:damage_dealt":7608,"minecraft:swim_one_cm":39886,"minecraft:fly_one_cm":633226,"minecraft:open_chest":16,"minecraft:crouch_one_cm":9637,"tombstone:undead_killed":19,"minecraft:fall_one_cm":93434},"minecraft:used":{"biomesoplenty:mahogany_planks":69,"minecraft:stone_sword":61,"minecraft:shield":18,"minecraft:stone_hoe":170,"minecraft:torch":24,"minecraft:dirt":4,"valhelsia_structures:metal_framed_glass_pane":2,"farmersdelight:tomato":2,"minecraft:iron_axe":83,"minecraft:mossy_cobblestone_slab":1,"minecraft:furnace":1,"tombstone:gift":2,"minecraft:stone_pickaxe":110,"minecraft:wooden_pickaxe":29,"minecraft:cobblestone_slab":1,"minecraft:mossy_cobblestone":3,"minecraft:crafting_table":7,"supplementaries:bomb":4,"tombstone:bag_of_seeds":2,"minecraft:melon_slice":138,"minecraft:bread":1,"minecraft:string":1,"minecraft:iron_pickaxe":89,"minecraft:stone_axe":175,"minecraft:cobblestone":32},"minecraft:dropped":{"minecraft:stone_hoe":1,"butchersdelight:dead_cow":4,"minecraft:wheat_seeds":3,"minecraft:mossy_cobblestone":4,"minecraft:crafting_table":1,"minecraft:cobblestone":25,"biomesoplenty:mahogany_planks":51,"paraglider:spirit_orb":1,"minecraft:stick":5,"minecraft:cobblestone_stairs":1,"minecraft:dirt":4,"minecraft:melon_slice":27,"tombstone:grave_dust":8,"minecraft:iron_axe":1,"minecraft:string":10,"butchersdelight:cow_hide":4,"minecraft:furnace":1,"minecraft:stone_axe":3,"minecraft:stone_sword":1,"minecraft:rotten_flesh":7,"minecraft:torchflower_seeds":2,"minecraft:pumpkin_seeds":2,"supplementaries:flax_seeds":3,"minecraft:beetroot_seeds":1,"minecraft:stone_pickaxe":1},"minecraft:killed":{"minecraft:spider":4,"minecraft:skeleton":3,"minecraft:sheep":7,"minecraft:zombie":16,"alexsmobs:terrapin":1,"midnightlurker:midnight_lurker_backturned":1}},"DataVersion":3465}