{"stats":{"minecraft:crafted":{"minecraft:stone_axe":1,"minecraft:crafting_table":1,"minecraft:stick":8,"biomesoplenty:mahogany_planks":16,"minecraft:wooden_pickaxe":1,"minecraft:stone_pickaxe":1},"minecraft:used":{"minecraft:stone_axe":36,"valhelsia_structures:metal_framed_glass_pane":2,"minecraft:crafting_table":1,"minecraft:melon_slice":3,"minecraft:wooden_pickaxe":29},"minecraft:mined":{"minecraft:melon":20,"biomesoplenty:mahogany_log":4,"valhelsia_structures:metal_framed_glass_pane":2,"minecraft:stone":27,"minecraft:crafting_table":1,"minecraft:fern":19},"minecraft:picked_up":{"minecraft:crafting_table":1,"biomesoplenty:mahogany_log":4,"minecraft:wheat_seeds":2,"valhelsia_structures:metal_framed_glass_pane":2,"minecraft:melon_slice":100,"minecraft:cobblestone":27},"minecraft:custom":{"minecraft:time_since_rest":6298,"minecraft:open_chest":3,"minecraft:crouch_one_cm":29,"minecraft:play_time":6298,"minecraft:sprint_one_cm":14772,"minecraft:damage_taken":30,"minecraft:walk_one_cm":17486,"minecraft:sneak_time":23,"minecraft:jump":150,"minecraft:time_since_death":6298,"minecraft:total_world_time":6298,"minecraft:climb_one_cm":848,"minecraft:fly_one_cm":24301,"minecraft:interact_with_crafting_table":2,"minecraft:fall_one_cm":4198}},"DataVersion":3465}