{"stats":{"minecraft:killed_by":{"minecraft:player":1},"minecraft:mined":{"minecraft:mossy_cobblestone":7,"minecraft:cobblestone_stairs":1,"minecraft:jungle_leaves":32,"biomesoplenty:desert_grass":2,"minecraft:brewing_stand":1,"minecraft:chiseled_polished_blackstone":1,"minecraft:grass_block":5,"minecraft:decorated_pot":1,"minecraft:sandstone":1,"minecraft:spawner":3,"minecraft:mossy_cobblestone_slab":1,"minecraft:furnace":2,"minecraft:carrots":19,"minecraft:iron_ore":20,"valhelsia_structures:cracked_big_glazed_jar":3,"minecraft:andesite":5,"minecraft:anvil":1,"minecraft:potatoes":8,"biomesoplenty:mahogany_leaves":255,"valhelsia_structures:brown_glazed_jar":1,"minecraft:cobblestone_slab":1,"minecraft:vine":5,"minecraft:stone":59,"minecraft:tripwire":1,"minecraft:sandstone_slab":1,"minecraft:red_bed":1,"biomesoplenty:wildflower":1,"minecraft:crafting_table":6,"minecraft:blast_furnace":2,"biomesoplenty:mahogany_planks":6,"minecraft:melon":65,"minecraft:tall_grass":1,"minecraft:copper_ore":5,"minecraft:cobblestone":7,"minecraft:lapis_ore":4,"farmersdelight:wild_tomatoes":8,"minecraft:diorite":1,"minecraft:wall_torch":1,"minecraft:big_dripleaf":1,"supplementaries:urn":1,"minecraft:beehive":1,"biomesoplenty:mahogany_log":31,"paraglider:horned_statue":1,"valhelsia_structures:metal_framed_glass_pane":2,"minecraft:grass":42,"minecraft:coal_ore":59,"valhelsia_structures:cracked_glazed_jar":1,"minecraft:flower_pot":1,"minecraft:dirt":2,"minecraft:cobweb":1,"minecraft:oak_leaves":33,"minecraft:fern":43,"paraglider:goddess_statue":2},"minecraft:picked_up":{"minecraft:iron_chestplate":1,"minecraft:crafting_table":7,"minecraft:sandstone_slab":1,"minecraft:flower_pot":1,"minecraft:anvil":1,"minecraft:brewing_stand":1,"minecraft:shield":2,"paraglider:goddess_statue":2,"minecraft:string":17,"minecraft:red_bed":1,"minecraft:raw_copper":19,"minecraft:iron_axe":2,"butchersdelight:dead_cow":14,"supplementaries:bomb":4,"minecraft:beef":43,"minecraft:cobblestone_slab":1,"minecraft:jungle_sapling":2,"cataclysm:khopesh":2,"minecraft:melon_slice":344,"minecraft:chest":1,"minecraft:furnace":3,"minecraft:raw_iron":32,"minecraft:stick":9,"minecraft:copper_ingot":8,"minecraft:big_dripleaf":1,"minecraft:torch":3,"farmersdelight:tomato_seeds":8,"tombstone:grave_dust":12,"minecraft:carrot":44,"minecraft:rotten_flesh":10,"twilightforest:magic_beans":1,"butchersdelight:deadsheep":7,"minecraft:arrow":1,"minecraft:beetroot_seeds":1,"biomesoplenty:mahogany_sapling":12,"sophisticatedbackpacks:copper_backpack":1,"supplementaries:ash":1,"paraglider:horned_statue":1,"minecraft:white_wool":7,"minecraft:cobblestone":104,"minecraft:mossy_cobblestone_slab":1,"minecraft:potato":16,"paraglider:spirit_orb":6,"butchersdelight:deadpig":6,"supplementaries:flax_seeds":3,"minecraft:cobblestone_stairs":1,"farmersdelight:tomato":2,"minecraft:lapis_lazuli":31,"minecraft:dirt":10,"cataclysm:koboleton_bone":2,"minecraft:bone":3,"farmersdelight:iron_knife":1,"minecraft:wheat_seeds":35,"valhelsia_structures:metal_framed_glass_pane":2,"minecraft:iron_ingot":16,"minecraft:oak_planks":8,"biomesoplenty:mahogany_planks":156,"minecraft:chiseled_polished_blackstone":1,"minecraft:torchflower_seeds":2,"butchersdelight:cow_hide":18,"minecraft:blast_furnace":2,"minecraft:mossy_cobblestone":7,"biomesoplenty:mahogany_log":28,"minecraft:pumpkin_seeds":2,"minecraft:stone_axe":2,"alexsmobs:rattlesnake_rattle":1,"cataclysm:ancient_metal_nugget":1,"tombstone:magic_scroll":2,"minecraft:oak_sapling":1,"minecraft:coal":158},"minecraft:broken":{"minecraft:stone_hoe":1,"minecraft:stone_axe":1},"minecraft:crafted":{"biomesoplenty:mahogany_planks":112,"minecraft:furnace":1,"minecraft:iron_boots":1,"sophisticatedbackpacks:copper_backpack":1,"minecraft:iron_axe":1,"minecraft:stone_pickaxe":1,"minecraft:chest":1,"minecraft:stone_hoe":2,"minecraft:cooked_beef":8,"sophisticatedbackpacks:backpack":2,"minecraft:crafting_table":3,"minecraft:iron_helmet":1,"minecraft:wooden_pickaxe":1,"minecraft:copper_ingot":10,"minecraft:stone_axe":2,"minecraft:iron_chestplate":1,"minecraft:shield":1,"minecraft:stick":32,"minecraft:iron_ingot":22,"minecraft:iron_pickaxe":1,"minecraft:stone_sword":1,"minecraft:white_bed":1,"minecraft:torch":48},"minecraft:custom":{"minecraft:interact_with_anvil":1,"minecraft:mob_kills":41,"minecraft:interact_with_crafting_table":29,"minecraft:open_barrel":2,"minecraft:leave_game":1,"minecraft:time_since_death":1947,"minecraft:climb_one_cm":5965,"minecraft:sprint_one_cm":480495,"minecraft:walk_one_cm":447339,"minecraft:damage_blocked_by_shield":1141,"minecraft:drop":110,"minecraft:talked_to_villager":1,"minecraft:play_time":161568,"minecraft:deaths":6,"minecraft:sneak_time":4947,"minecraft:walk_under_water_one_cm":15975,"minecraft:jump":3910,"minecraft:interact_with_brewingstand":1,"minecraft:interact_with_blast_furnace":8,"minecraft:walk_on_water_one_cm":15123,"minecraft:total_world_time":161568,"minecraft:interact_with_furnace":40,"minecraft:interact_with_stonecutter":1,"minecraft:interact_with_grindstone":1,"minecraft:time_since_rest":1863,"minecraft:damage_taken":5025,"minecraft:damage_dealt":8916,"minecraft:swim_one_cm":43462,"minecraft:fly_one_cm":799423,"minecraft:open_chest":46,"minecraft:crouch_one_cm":10001,"tombstone:undead_killed":22,"minecraft:interact_with_smoker":2,"minecraft:fall_one_cm":116317},"minecraft:used":{"biomesoplenty:mahogany_planks":69,"minecraft:stone_sword":61,"minecraft:shield":26,"minecraft:stone_hoe":170,"minecraft:torch":28,"minecraft:dirt":4,"valhelsia_structures:metal_framed_glass_pane":2,"minecraft:carrot":14,"farmersdelight:tomato":2,"minecraft:iron_axe":134,"minecraft:mossy_cobblestone_slab":1,"minecraft:furnace":3,"tombstone:gift":4,"minecraft:potato":24,"minecraft:cooked_beef":3,"minecraft:stone_pickaxe":110,"minecraft:wooden_pickaxe":29,"minecraft:cobblestone_slab":1,"minecraft:mossy_cobblestone":3,"minecraft:crafting_table":9,"supplementaries:bomb":4,"minecraft:blast_furnace":2,"minecraft:white_bed":1,"tombstone:bag_of_seeds":2,"minecraft:melon_slice":149,"minecraft:bread":11,"minecraft:string":1,"minecraft:iron_pickaxe":98,"minecraft:stone_axe":175,"minecraft:cobblestone":32,"minecraft:potion":1},"minecraft:dropped":{"minecraft:stone_hoe":1,"farmersdelight:iron_knife":1,"butchersdelight:dead_cow":4,"minecraft:wheat_seeds":3,"minecraft:mossy_cobblestone":4,"minecraft:glass_bottle":1,"minecraft:crafting_table":1,"minecraft:cobblestone":25,"biomesoplenty:mahogany_planks":51,"minecraft:copper_ingot":10,"minecraft:golden_apple":1,"paraglider:spirit_orb":1,"minecraft:stick":5,"minecraft:cobblestone_stairs":1,"minecraft:dirt":4,"minecraft:melon_slice":27,"tombstone:grave_dust":8,"minecraft:iron_axe":1,"minecraft:string":10,"butchersdelight:cow_hide":4,"minecraft:furnace":1,"minecraft:stone_axe":3,"minecraft:stone_sword":1,"minecraft:raw_copper":4,"minecraft:rotten_flesh":10,"sophisticatedbackpacks:backpack":1,"minecraft:torchflower_seeds":2,"minecraft:pumpkin_seeds":2,"supplementaries:flax_seeds":3,"minecraft:beetroot_seeds":1,"sophisticatedbackpacks:copper_backpack":1,"minecraft:stone_pickaxe":1},"minecraft:killed":{"minecraft:spider":4,"alexsmobs:rattlesnake":1,"minecraft:skeleton":4,"cataclysm:koboleton":2,"minecraft:sheep":7,"minecraft:zombie":16,"alexsmobs:terrapin":1,"midnightlurker:midnight_lurker_backturned":1}},"DataVersion":3465}