{"stats":{"minecraft:mined":{"minecraft:red_bed":1,"minecraft:mossy_cobblestone":7,"minecraft:cobblestone_stairs":1,"biomesoplenty:desert_grass":2,"minecraft:jungle_leaves":32,"minecraft:crafting_table":5,"minecraft:chiseled_polished_blackstone":1,"minecraft:grass_block":3,"minecraft:melon":65,"biomesoplenty:mahogany_planks":3,"minecraft:copper_ore":5,"minecraft:cobblestone":7,"farmersdelight:wild_tomatoes":8,"minecraft:lapis_ore":4,"minecraft:diorite":1,"minecraft:big_dripleaf":1,"minecraft:wall_torch":1,"minecraft:spawner":2,"supplementaries:urn":1,"minecraft:mossy_cobblestone_slab":1,"minecraft:furnace":1,"biomesoplenty:mahogany_log":29,"minecraft:iron_ore":20,"valhelsia_structures:cracked_big_glazed_jar":2,"valhelsia_structures:metal_framed_glass_pane":2,"minecraft:andesite":5,"minecraft:grass":14,"minecraft:cobblestone_slab":1,"valhelsia_structures:cracked_glazed_jar":1,"minecraft:coal_ore":59,"minecraft:vine":4,"biomesoplenty:mahogany_leaves":254,"minecraft:dirt":1,"minecraft:cobweb":1,"minecraft:stone":59,"minecraft:oak_leaves":33,"minecraft:fern":38},"minecraft:picked_up":{"minecraft:crafting_table":5,"minecraft:iron_chestplate":1,"minecraft:mossy_cobblestone_slab":1,"paraglider:spirit_orb":4,"butchersdelight:deadpig":6,"supplementaries:flax_seeds":3,"minecraft:cobblestone_stairs":1,"minecraft:dirt":4,"minecraft:lapis_lazuli":31,"farmersdelight:tomato":2,"minecraft:string":4,"minecraft:red_bed":1,"minecraft:raw_copper":15,"minecraft:bone":3,"supplementaries:bomb":4,"minecraft:wheat_seeds":7,"valhelsia_structures:metal_framed_glass_pane":2,"minecraft:iron_ingot":16,"minecraft:jungle_sapling":2,"minecraft:cobblestone_slab":1,"minecraft:melon_slice":334,"biomesoplenty:mahogany_planks":153,"minecraft:furnace":1,"minecraft:stick":9,"minecraft:raw_iron":20,"minecraft:chiseled_polished_blackstone":1,"minecraft:big_dripleaf":1,"minecraft:torch":3,"minecraft:torchflower_seeds":2,"farmersdelight:tomato_seeds":8,"tombstone:grave_dust":5,"minecraft:mossy_cobblestone":7,"biomesoplenty:mahogany_log":26,"twilightforest:magic_beans":1,"minecraft:pumpkin_seeds":2,"minecraft:arrow":1,"butchersdelight:deadsheep":7,"minecraft:rotten_flesh":3,"minecraft:stone_axe":2,"minecraft:beetroot_seeds":1,"biomesoplenty:mahogany_sapling":12,"supplementaries:ash":1,"tombstone:magic_scroll":2,"minecraft:oak_sapling":1,"minecraft:coal":104,"minecraft:white_wool":7,"minecraft:cobblestone":104},"minecraft:broken":{"minecraft:stone_axe":1,"minecraft:stone_hoe":1},"minecraft:crafted":{"minecraft:crafting_table":2,"biomesoplenty:mahogany_planks":104,"minecraft:wooden_pickaxe":1,"minecraft:iron_helmet":1,"minecraft:furnace":1,"minecraft:stone_axe":2,"minecraft:iron_boots":1,"minecraft:iron_chestplate":1,"minecraft:shield":1,"minecraft:iron_axe":1,"minecraft:stick":32,"minecraft:iron_ingot":20,"minecraft:stone_pickaxe":1,"minecraft:iron_pickaxe":1,"minecraft:stone_sword":1,"minecraft:torch":48,"minecraft:stone_hoe":2},"minecraft:custom":{"minecraft:interact_with_furnace":7,"minecraft:mob_kills":17,"minecraft:interact_with_crafting_table":19,"minecraft:leave_game":1,"minecraft:interact_with_grindstone":1,"minecraft:time_since_death":39352,"minecraft:climb_one_cm":3698,"minecraft:time_since_rest":35970,"minecraft:sprint_one_cm":259237,"minecraft:damage_taken":2570,"minecraft:walk_one_cm":261466,"minecraft:damage_blocked_by_shield":28,"minecraft:drop":64,"minecraft:damage_dealt":2723,"minecraft:play_time":89568,"minecraft:swim_one_cm":20289,"minecraft:talked_to_villager":1,"minecraft:fly_one_cm":414786,"minecraft:crouch_one_cm":7218,"minecraft:open_chest":13,"minecraft:sneak_time":3176,"tombstone:undead_killed":4,"minecraft:deaths":5,"minecraft:walk_under_water_one_cm":3277,"minecraft:jump":2187,"minecraft:walk_on_water_one_cm":5364,"minecraft:total_world_time":89568,"minecraft:fall_one_cm":61140},"minecraft:used":{"biomesoplenty:mahogany_planks":59,"minecraft:stone_sword":26,"minecraft:stone_pickaxe":110,"minecraft:wooden_pickaxe":29,"minecraft:shield":2,"minecraft:cobblestone_slab":1,"minecraft:stone_hoe":170,"minecraft:torch":21,"minecraft:mossy_cobblestone":3,"valhelsia_structures:metal_framed_glass_pane":2,"minecraft:dirt":4,"minecraft:crafting_table":6,"supplementaries:bomb":3,"tombstone:bag_of_seeds":2,"farmersdelight:tomato":2,"minecraft:string":1,"minecraft:bread":1,"minecraft:iron_axe":11,"minecraft:melon_slice":85,"minecraft:iron_pickaxe":85,"minecraft:mossy_cobblestone_slab":1,"minecraft:stone_axe":175,"minecraft:cobblestone":32,"minecraft:furnace":1,"tombstone:gift":2},"minecraft:dropped":{"minecraft:stone_hoe":1,"minecraft:furnace":1,"minecraft:stone_axe":3,"minecraft:wheat_seeds":3,"minecraft:mossy_cobblestone":4,"minecraft:crafting_table":1,"minecraft:cobblestone":25,"minecraft:rotten_flesh":3,"biomesoplenty:mahogany_planks":51,"minecraft:torchflower_seeds":2,"minecraft:pumpkin_seeds":2,"minecraft:stick":5,"minecraft:cobblestone_stairs":1,"supplementaries:flax_seeds":3,"minecraft:beetroot_seeds":1,"minecraft:melon_slice":7,"tombstone:grave_dust":5,"minecraft:stone_pickaxe":1},"minecraft:killed":{"minecraft:spider":3,"minecraft:skeleton":2,"minecraft:sheep":7,"minecraft:zombie":2}},"DataVersion":3465}