{"stats":{"minecraft:mined":{"biomesoplenty:mahogany_log":29,"valhelsia_structures:metal_framed_glass_pane":2,"minecraft:jungle_leaves":32,"minecraft:crafting_table":3,"minecraft:grass":6,"minecraft:melon":65,"minecraft:vine":3,"biomesoplenty:mahogany_leaves":254,"minecraft:stone":27,"minecraft:oak_leaves":28,"minecraft:fern":38,"minecraft:big_dripleaf":1},"minecraft:picked_up":{"minecraft:stick":2,"minecraft:crafting_table":3,"minecraft:big_dripleaf":1,"minecraft:rotten_flesh":3,"minecraft:bone":1,"biomesoplenty:mahogany_log":26,"minecraft:wheat_seeds":6,"biomesoplenty:mahogany_sapling":12,"valhelsia_structures:metal_framed_glass_pane":2,"minecraft:jungle_sapling":2,"tombstone:magic_scroll":1,"supplementaries:ash":1,"minecraft:oak_sapling":1,"minecraft:melon_slice":327,"minecraft:cobblestone":27},"minecraft:broken":{"minecraft:stone_axe":1,"minecraft:stone_hoe":1},"minecraft:crafted":{"minecraft:crafting_table":1,"minecraft:stick":8,"biomesoplenty:mahogany_planks":104,"minecraft:wooden_pickaxe":1,"minecraft:stone_pickaxe":1,"minecraft:stone_hoe":2,"minecraft:stone_axe":1},"minecraft:custom":{"minecraft:time_since_rest":2212,"minecraft:sprint_one_cm":118011,"minecraft:damage_taken":1457,"minecraft:walk_one_cm":122875,"minecraft:mob_kills":3,"minecraft:drop":6,"minecraft:damage_dealt":511,"minecraft:interact_with_crafting_table":4,"minecraft:fly_one_cm":195699,"minecraft:open_chest":3,"minecraft:crouch_one_cm":2043,"minecraft:play_time":35999,"tombstone:undead_killed":2,"minecraft:deaths":4,"minecraft:sneak_time":481,"minecraft:jump":1076,"minecraft:walk_on_water_one_cm":2325,"minecraft:time_since_death":3759,"minecraft:climb_one_cm":3560,"minecraft:total_world_time":35999,"minecraft:fall_one_cm":27914},"minecraft:used":{"biomesoplenty:mahogany_planks":15,"minecraft:melon_slice":26,"minecraft:stone_pickaxe":18,"minecraft:wooden_pickaxe":29,"minecraft:stone_hoe":170,"minecraft:stone_axe":171,"valhelsia_structures:metal_framed_glass_pane":2,"minecraft:cobblestone":3,"minecraft:crafting_table":3,"tombstone:gift":2},"minecraft:dropped":{"minecraft:wheat_seeds":3,"minecraft:rotten_flesh":3},"minecraft:killed":{"minecraft:skeleton":1,"minecraft:zombie":1}},"DataVersion":3465}