{"stats":{"minecraft:mined":{"minecraft:red_bed":1,"minecraft:mossy_cobblestone":7,"minecraft:cobblestone_stairs":1,"minecraft:jungle_leaves":32,"biomesoplenty:desert_grass":2,"minecraft:crafting_table":4,"minecraft:chiseled_polished_blackstone":1,"minecraft:grass_block":3,"minecraft:melon":65,"biomesoplenty:mahogany_planks":3,"minecraft:copper_ore":5,"minecraft:cobblestone":7,"minecraft:lapis_ore":4,"farmersdelight:wild_tomatoes":8,"minecraft:diorite":1,"minecraft:wall_torch":1,"minecraft:big_dripleaf":1,"minecraft:spawner":2,"supplementaries:urn":1,"minecraft:mossy_cobblestone_slab":1,"minecraft:iron_ore":19,"biomesoplenty:mahogany_log":29,"valhelsia_structures:cracked_big_glazed_jar":2,"valhelsia_structures:metal_framed_glass_pane":2,"minecraft:andesite":5,"minecraft:cobblestone_slab":1,"valhelsia_structures:cracked_glazed_jar":1,"minecraft:grass":13,"biomesoplenty:mahogany_leaves":254,"minecraft:coal_ore":59,"minecraft:vine":4,"minecraft:dirt":1,"minecraft:cobweb":1,"minecraft:stone":59,"minecraft:oak_leaves":32,"minecraft:fern":38},"minecraft:picked_up":{"minecraft:mossy_cobblestone_slab":1,"minecraft:crafting_table":4,"paraglider:spirit_orb":4,"supplementaries:flax_seeds":3,"minecraft:cobblestone_stairs":1,"minecraft:lapis_lazuli":31,"minecraft:string":4,"farmersdelight:tomato":2,"minecraft:dirt":4,"minecraft:red_bed":1,"minecraft:raw_copper":15,"minecraft:bone":3,"supplementaries:bomb":4,"minecraft:wheat_seeds":7,"valhelsia_structures:metal_framed_glass_pane":2,"minecraft:cobblestone_slab":1,"minecraft:jungle_sapling":2,"minecraft:melon_slice":327,"biomesoplenty:mahogany_planks":134,"minecraft:raw_iron":17,"minecraft:stick":5,"minecraft:chiseled_polished_blackstone":1,"minecraft:big_dripleaf":1,"minecraft:torch":3,"farmersdelight:tomato_seeds":8,"minecraft:mossy_cobblestone":7,"twilightforest:magic_beans":1,"minecraft:pumpkin_seeds":2,"biomesoplenty:mahogany_log":26,"minecraft:arrow":1,"butchersdelight:deadsheep":4,"minecraft:rotten_flesh":3,"minecraft:beetroot_seeds":1,"biomesoplenty:mahogany_sapling":12,"supplementaries:ash":1,"tombstone:magic_scroll":2,"minecraft:oak_sapling":1,"minecraft:coal":59,"minecraft:white_wool":4,"minecraft:cobblestone":104},"minecraft:broken":{"minecraft:stone_axe":1,"minecraft:stone_hoe":1},"minecraft:crafted":{"minecraft:crafting_table":2,"biomesoplenty:mahogany_planks":104,"minecraft:wooden_pickaxe":1,"minecraft:furnace":1,"minecraft:stone_axe":2,"minecraft:shield":1,"minecraft:stick":28,"minecraft:iron_pickaxe":1,"minecraft:stone_pickaxe":1,"minecraft:stone_sword":1,"minecraft:torch":48,"minecraft:stone_hoe":2},"minecraft:custom":{"minecraft:interact_with_furnace":1,"minecraft:mob_kills":14,"minecraft:interact_with_crafting_table":9,"minecraft:interact_with_grindstone":1,"minecraft:time_since_death":21783,"minecraft:climb_one_cm":3698,"minecraft:time_since_rest":18401,"minecraft:sprint_one_cm":215205,"minecraft:damage_taken":2353,"minecraft:walk_one_cm":223870,"minecraft:damage_blocked_by_shield":28,"minecraft:drop":51,"minecraft:damage_dealt":1878,"minecraft:swim_one_cm":10329,"minecraft:talked_to_villager":1,"minecraft:fly_one_cm":329587,"minecraft:open_chest":13,"minecraft:crouch_one_cm":5283,"minecraft:sneak_time":1438,"minecraft:play_time":71999,"tombstone:undead_killed":4,"minecraft:deaths":5,"minecraft:walk_under_water_one_cm":1311,"minecraft:jump":1798,"minecraft:walk_on_water_one_cm":4538,"minecraft:total_world_time":71999,"minecraft:fall_one_cm":50066},"minecraft:used":{"biomesoplenty:mahogany_planks":43,"minecraft:stone_sword":24,"minecraft:stone_pickaxe":110,"minecraft:shield":2,"minecraft:wooden_pickaxe":29,"minecraft:cobblestone_slab":1,"minecraft:stone_hoe":170,"minecraft:torch":21,"minecraft:mossy_cobblestone":3,"valhelsia_structures:metal_framed_glass_pane":2,"minecraft:dirt":4,"minecraft:crafting_table":6,"tombstone:bag_of_seeds":2,"farmersdelight:tomato":2,"minecraft:bread":1,"minecraft:melon_slice":64,"minecraft:iron_pickaxe":83,"minecraft:string":1,"minecraft:mossy_cobblestone_slab":1,"minecraft:stone_axe":175,"minecraft:cobblestone":32,"minecraft:furnace":1,"tombstone:gift":2},"minecraft:dropped":{"minecraft:stone_hoe":1,"minecraft:wheat_seeds":3,"minecraft:mossy_cobblestone":4,"minecraft:cobblestone":25,"minecraft:rotten_flesh":3,"biomesoplenty:mahogany_planks":51,"minecraft:pumpkin_seeds":2,"minecraft:stick":3,"minecraft:cobblestone_stairs":1,"supplementaries:flax_seeds":3,"minecraft:beetroot_seeds":1,"minecraft:stone_pickaxe":1},"minecraft:killed":{"minecraft:spider":3,"minecraft:sheep":4,"minecraft:skeleton":2,"minecraft:zombie":2}},"DataVersion":3465}