{"stats":{"minecraft:mined":{"biomesoplenty:mahogany_log":29,"valhelsia_structures:metal_framed_glass_pane":2,"minecraft:jungle_leaves":14,"minecraft:crafting_table":3,"minecraft:grass":5,"minecraft:melon":42,"minecraft:vine":2,"biomesoplenty:mahogany_leaves":254,"minecraft:stone":27,"minecraft:oak_leaves":28,"minecraft:fern":31},"minecraft:picked_up":{"minecraft:stick":2,"minecraft:crafting_table":3,"biomesoplenty:mahogany_log":26,"minecraft:wheat_seeds":4,"biomesoplenty:mahogany_sapling":12,"valhelsia_structures:metal_framed_glass_pane":2,"minecraft:jungle_sapling":2,"supplementaries:ash":1,"minecraft:oak_sapling":1,"minecraft:melon_slice":212,"minecraft:cobblestone":27},"minecraft:broken":{"minecraft:stone_hoe":1},"minecraft:crafted":{"minecraft:crafting_table":1,"minecraft:stick":8,"biomesoplenty:mahogany_planks":104,"minecraft:wooden_pickaxe":1,"minecraft:stone_pickaxe":1,"minecraft:stone_hoe":2,"minecraft:stone_axe":1},"minecraft:custom":{"minecraft:time_since_rest":991,"minecraft:sprint_one_cm":65220,"minecraft:damage_taken":727,"minecraft:walk_one_cm":85336,"minecraft:mob_kills":1,"minecraft:drop":3,"minecraft:damage_dealt":118,"minecraft:interact_with_crafting_table":4,"minecraft:fly_one_cm":101370,"minecraft:open_chest":3,"minecraft:crouch_one_cm":801,"minecraft:play_time":23999,"minecraft:deaths":2,"minecraft:sneak_time":235,"minecraft:jump":631,"minecraft:walk_on_water_one_cm":207,"minecraft:time_since_death":1266,"minecraft:climb_one_cm":2994,"minecraft:total_world_time":23999,"minecraft:fall_one_cm":16881},"minecraft:used":{"biomesoplenty:mahogany_planks":11,"minecraft:melon_slice":16,"minecraft:stone_pickaxe":2,"minecraft:wooden_pickaxe":29,"minecraft:stone_hoe":170,"minecraft:stone_axe":126,"valhelsia_structures:metal_framed_glass_pane":2,"minecraft:crafting_table":3},"minecraft:dropped":{"minecraft:wheat_seeds":3}},"DataVersion":3465}