{"stats":{"minecraft:mined":{"minecraft:red_bed":1,"biomesoplenty:mahogany_log":29,"valhelsia_structures:metal_framed_glass_pane":2,"biomesoplenty:desert_grass":2,"minecraft:jungle_leaves":32,"minecraft:crafting_table":3,"minecraft:coal_ore":59,"minecraft:grass":13,"minecraft:chiseled_polished_blackstone":1,"minecraft:melon":65,"minecraft:vine":3,"biomesoplenty:mahogany_leaves":254,"farmersdelight:wild_tomatoes":8,"minecraft:stone":31,"minecraft:oak_leaves":28,"minecraft:fern":38,"minecraft:big_dripleaf":1},"minecraft:picked_up":{"minecraft:stick":2,"minecraft:crafting_table":3,"minecraft:chiseled_polished_blackstone":1,"minecraft:big_dripleaf":1,"farmersdelight:tomato_seeds":8,"butchersdelight:deadsheep":4,"farmersdelight:tomato":2,"minecraft:red_bed":1,"minecraft:arrow":1,"minecraft:rotten_flesh":3,"minecraft:bone":1,"biomesoplenty:mahogany_log":26,"minecraft:wheat_seeds":7,"biomesoplenty:mahogany_sapling":12,"valhelsia_structures:metal_framed_glass_pane":2,"minecraft:jungle_sapling":2,"tombstone:magic_scroll":1,"supplementaries:ash":1,"minecraft:oak_sapling":1,"minecraft:melon_slice":327,"minecraft:white_wool":4,"minecraft:coal":59,"minecraft:cobblestone":31},"minecraft:broken":{"minecraft:stone_axe":1,"minecraft:stone_hoe":1},"minecraft:crafted":{"minecraft:crafting_table":1,"minecraft:stick":8,"biomesoplenty:mahogany_planks":104,"minecraft:wooden_pickaxe":1,"minecraft:stone_pickaxe":1,"minecraft:stone_hoe":2,"minecraft:stone_axe":1},"minecraft:custom":{"minecraft:time_since_rest":14212,"minecraft:sprint_one_cm":178159,"minecraft:damage_taken":1747,"minecraft:walk_one_cm":160631,"minecraft:mob_kills":8,"minecraft:drop":6,"minecraft:damage_dealt":1051,"minecraft:talked_to_villager":1,"minecraft:interact_with_crafting_table":4,"minecraft:fly_one_cm":277520,"minecraft:open_chest":4,"minecraft:crouch_one_cm":2654,"minecraft:play_time":47999,"tombstone:undead_killed":2,"minecraft:deaths":4,"minecraft:sneak_time":697,"minecraft:jump":1430,"minecraft:interact_with_grindstone":1,"minecraft:walk_on_water_one_cm":2551,"minecraft:time_since_death":15759,"minecraft:climb_one_cm":3560,"minecraft:total_world_time":47999,"minecraft:fall_one_cm":38745},"minecraft:used":{"biomesoplenty:mahogany_planks":29,"minecraft:melon_slice":48,"minecraft:stone_pickaxe":107,"minecraft:wooden_pickaxe":29,"minecraft:stone_hoe":170,"minecraft:stone_axe":171,"valhelsia_structures:metal_framed_glass_pane":2,"minecraft:cobblestone":7,"minecraft:crafting_table":3,"tombstone:gift":2},"minecraft:dropped":{"minecraft:wheat_seeds":3,"minecraft:rotten_flesh":3},"minecraft:killed":{"minecraft:sheep":4,"minecraft:skeleton":1,"minecraft:zombie":1}},"DataVersion":3465}