{"stats":{"minecraft:mined":{"minecraft:mossy_cobblestone":7,"minecraft:cobblestone_stairs":1,"minecraft:jungle_leaves":32,"biomesoplenty:desert_grass":2,"minecraft:brewing_stand":1,"minecraft:chiseled_polished_blackstone":1,"minecraft:grass_block":5,"minecraft:sandstone":1,"minecraft:spawner":3,"minecraft:mossy_cobblestone_slab":1,"minecraft:furnace":2,"minecraft:carrots":19,"minecraft:iron_ore":20,"valhelsia_structures:cracked_big_glazed_jar":3,"minecraft:andesite":5,"minecraft:anvil":1,"minecraft:potatoes":8,"biomesoplenty:mahogany_leaves":255,"valhelsia_structures:brown_glazed_jar":1,"minecraft:cobblestone_slab":1,"minecraft:vine":5,"minecraft:stone":59,"minecraft:sandstone_slab":1,"minecraft:red_bed":1,"biomesoplenty:wildflower":1,"minecraft:crafting_table":6,"minecraft:blast_furnace":1,"biomesoplenty:mahogany_planks":6,"minecraft:melon":65,"minecraft:tall_grass":1,"minecraft:copper_ore":5,"minecraft:cobblestone":7,"minecraft:lapis_ore":4,"farmersdelight:wild_tomatoes":8,"minecraft:diorite":1,"minecraft:wall_torch":1,"minecraft:big_dripleaf":1,"supplementaries:urn":1,"minecraft:beehive":1,"biomesoplenty:mahogany_log":31,"paraglider:horned_statue":1,"valhelsia_structures:metal_framed_glass_pane":2,"minecraft:grass":42,"minecraft:coal_ore":59,"valhelsia_structures:cracked_glazed_jar":1,"minecraft:dirt":2,"minecraft:cobweb":1,"minecraft:oak_leaves":33,"minecraft:fern":43,"paraglider:goddess_statue":2},"minecraft:picked_up":{"minecraft:iron_chestplate":1,"minecraft:crafting_table":7,"minecraft:sandstone_slab":1,"minecraft:anvil":1,"minecraft:brewing_stand":1,"paraglider:goddess_statue":2,"minecraft:string":16,"minecraft:red_bed":1,"minecraft:raw_copper":19,"minecraft:iron_axe":1,"butchersdelight:dead_cow":14,"supplementaries:bomb":4,"minecraft:beef":27,"minecraft:cobblestone_slab":1,"minecraft:jungle_sapling":2,"minecraft:melon_slice":344,"minecraft:chest":1,"minecraft:furnace":3,"minecraft:raw_iron":32,"minecraft:stick":9,"minecraft:copper_ingot":8,"minecraft:big_dripleaf":1,"minecraft:torch":3,"farmersdelight:tomato_seeds":8,"tombstone:grave_dust":10,"minecraft:carrot":44,"minecraft:rotten_flesh":10,"twilightforest:magic_beans":1,"butchersdelight:deadsheep":7,"minecraft:arrow":1,"minecraft:beetroot_seeds":1,"biomesoplenty:mahogany_sapling":12,"supplementaries:ash":1,"paraglider:horned_statue":1,"minecraft:white_wool":7,"minecraft:cobblestone":104,"minecraft:mossy_cobblestone_slab":1,"minecraft:potato":16,"paraglider:spirit_orb":6,"butchersdelight:deadpig":6,"supplementaries:flax_seeds":3,"minecraft:cobblestone_stairs":1,"farmersdelight:tomato":2,"minecraft:lapis_lazuli":31,"minecraft:dirt":10,"minecraft:bone":3,"farmersdelight:iron_knife":1,"minecraft:wheat_seeds":35,"valhelsia_structures:metal_framed_glass_pane":2,"minecraft:iron_ingot":16,"biomesoplenty:mahogany_planks":156,"minecraft:chiseled_polished_blackstone":1,"minecraft:torchflower_seeds":2,"butchersdelight:cow_hide":18,"minecraft:blast_furnace":1,"minecraft:mossy_cobblestone":7,"biomesoplenty:mahogany_log":28,"minecraft:pumpkin_seeds":2,"minecraft:stone_axe":2,"alexsmobs:rattlesnake_rattle":1,"tombstone:magic_scroll":2,"minecraft:oak_sapling":1,"minecraft:coal":131},"minecraft:broken":{"minecraft:stone_hoe":1,"minecraft:stone_axe":1},"minecraft:crafted":{"biomesoplenty:mahogany_planks":112,"minecraft:furnace":1,"minecraft:iron_boots":1,"sophisticatedbackpacks:copper_backpack":1,"minecraft:iron_axe":1,"minecraft:stone_pickaxe":1,"minecraft:chest":1,"minecraft:stone_hoe":2,"minecraft:cooked_beef":2,"sophisticatedbackpacks:backpack":2,"minecraft:crafting_table":2,"minecraft:iron_helmet":1,"minecraft:wooden_pickaxe":1,"minecraft:copper_ingot":10,"minecraft:stone_axe":2,"minecraft:iron_chestplate":1,"minecraft:shield":1,"minecraft:stick":32,"minecraft:iron_ingot":22,"minecraft:iron_pickaxe":1,"minecraft:stone_sword":1,"minecraft:torch":48},"minecraft:custom":{"minecraft:interact_with_anvil":1,"minecraft:mob_kills":38,"minecraft:interact_with_crafting_table":27,"minecraft:open_barrel":2,"minecraft:leave_game":1,"minecraft:time_since_death":99352,"minecraft:climb_one_cm":5965,"minecraft:sprint_one_cm":468161,"minecraft:walk_one_cm":410753,"minecraft:damage_blocked_by_shield":740,"minecraft:drop":108,"minecraft:talked_to_villager":1,"minecraft:play_time":149568,"minecraft:deaths":5,"minecraft:sneak_time":4661,"minecraft:walk_under_water_one_cm":10832,"minecraft:jump":3796,"minecraft:interact_with_brewingstand":1,"minecraft:interact_with_blast_furnace":1,"minecraft:walk_on_water_one_cm":13983,"minecraft:total_world_time":149568,"minecraft:interact_with_furnace":22,"minecraft:interact_with_stonecutter":1,"minecraft:interact_with_grindstone":1,"minecraft:time_since_rest":15415,"minecraft:damage_taken":4197,"minecraft:damage_dealt":8288,"minecraft:swim_one_cm":43462,"minecraft:fly_one_cm":780231,"minecraft:open_chest":46,"minecraft:crouch_one_cm":9686,"tombstone:undead_killed":19,"minecraft:interact_with_smoker":2,"minecraft:fall_one_cm":114159},"minecraft:used":{"biomesoplenty:mahogany_planks":69,"minecraft:stone_sword":61,"minecraft:shield":18,"minecraft:stone_hoe":170,"minecraft:torch":24,"minecraft:dirt":4,"valhelsia_structures:metal_framed_glass_pane":2,"farmersdelight:tomato":2,"minecraft:iron_axe":124,"minecraft:mossy_cobblestone_slab":1,"minecraft:furnace":1,"tombstone:gift":2,"minecraft:cooked_beef":2,"minecraft:stone_pickaxe":110,"minecraft:wooden_pickaxe":29,"minecraft:cobblestone_slab":1,"minecraft:mossy_cobblestone":3,"minecraft:crafting_table":8,"supplementaries:bomb":4,"tombstone:bag_of_seeds":2,"minecraft:melon_slice":149,"minecraft:bread":10,"minecraft:string":1,"minecraft:iron_pickaxe":97,"minecraft:stone_axe":175,"minecraft:cobblestone":32,"minecraft:potion":1},"minecraft:dropped":{"minecraft:stone_hoe":1,"farmersdelight:iron_knife":1,"butchersdelight:dead_cow":4,"minecraft:wheat_seeds":3,"minecraft:mossy_cobblestone":4,"minecraft:glass_bottle":1,"minecraft:crafting_table":1,"minecraft:cobblestone":25,"biomesoplenty:mahogany_planks":51,"minecraft:copper_ingot":10,"paraglider:spirit_orb":1,"minecraft:stick":5,"minecraft:cobblestone_stairs":1,"minecraft:dirt":4,"minecraft:melon_slice":27,"tombstone:grave_dust":8,"minecraft:iron_axe":1,"minecraft:string":10,"butchersdelight:cow_hide":4,"minecraft:furnace":1,"minecraft:stone_axe":3,"minecraft:stone_sword":1,"minecraft:raw_copper":4,"minecraft:rotten_flesh":10,"sophisticatedbackpacks:backpack":1,"minecraft:torchflower_seeds":2,"minecraft:pumpkin_seeds":2,"supplementaries:flax_seeds":3,"minecraft:beetroot_seeds":1,"minecraft:stone_pickaxe":1},"minecraft:killed":{"minecraft:spider":4,"alexsmobs:rattlesnake":1,"minecraft:skeleton":3,"minecraft:sheep":7,"minecraft:zombie":16,"alexsmobs:terrapin":1,"midnightlurker:midnight_lurker_backturned":1}},"DataVersion":3465}