{"stats":{"minecraft:mined":{"minecraft:red_bed":1,"minecraft:mossy_cobblestone":1,"minecraft:jungle_leaves":32,"biomesoplenty:desert_grass":2,"minecraft:crafting_table":4,"minecraft:chiseled_polished_blackstone":1,"minecraft:grass_block":3,"minecraft:melon":65,"biomesoplenty:mahogany_planks":3,"minecraft:copper_ore":5,"farmersdelight:wild_tomatoes":8,"minecraft:big_dripleaf":1,"minecraft:spawner":1,"supplementaries:urn":1,"minecraft:iron_ore":5,"biomesoplenty:mahogany_log":29,"valhelsia_structures:cracked_big_glazed_jar":1,"valhelsia_structures:metal_framed_glass_pane":2,"valhelsia_structures:cracked_glazed_jar":1,"minecraft:grass":13,"biomesoplenty:mahogany_leaves":254,"minecraft:coal_ore":59,"minecraft:vine":3,"minecraft:dirt":1,"minecraft:stone":32,"minecraft:oak_leaves":32,"minecraft:fern":38},"minecraft:picked_up":{"minecraft:crafting_table":4,"paraglider:spirit_orb":2,"supplementaries:flax_seeds":3,"minecraft:string":1,"farmersdelight:tomato":2,"minecraft:dirt":4,"minecraft:red_bed":1,"minecraft:raw_copper":15,"minecraft:bone":3,"supplementaries:bomb":4,"minecraft:wheat_seeds":7,"valhelsia_structures:metal_framed_glass_pane":2,"minecraft:jungle_sapling":2,"minecraft:melon_slice":327,"biomesoplenty:mahogany_planks":3,"minecraft:raw_iron":5,"minecraft:stick":2,"minecraft:chiseled_polished_blackstone":1,"minecraft:big_dripleaf":1,"minecraft:torch":1,"farmersdelight:tomato_seeds":8,"twilightforest:magic_beans":1,"minecraft:pumpkin_seeds":2,"biomesoplenty:mahogany_log":26,"minecraft:arrow":1,"butchersdelight:deadsheep":4,"minecraft:rotten_flesh":3,"minecraft:beetroot_seeds":1,"biomesoplenty:mahogany_sapling":12,"supplementaries:ash":1,"tombstone:magic_scroll":1,"minecraft:oak_sapling":1,"minecraft:coal":59,"minecraft:white_wool":4,"minecraft:cobblestone":34},"minecraft:broken":{"minecraft:stone_axe":1,"minecraft:stone_hoe":1},"minecraft:crafted":{"minecraft:crafting_table":1,"biomesoplenty:mahogany_planks":104,"minecraft:wooden_pickaxe":1,"minecraft:stone_axe":2,"minecraft:shield":1,"minecraft:stick":28,"minecraft:iron_pickaxe":1,"minecraft:stone_pickaxe":1,"minecraft:stone_sword":1,"minecraft:torch":48,"minecraft:stone_hoe":2},"minecraft:custom":{"minecraft:mob_kills":12,"minecraft:interact_with_crafting_table":7,"minecraft:interact_with_grindstone":1,"minecraft:time_since_death":9783,"minecraft:climb_one_cm":3698,"minecraft:time_since_rest":6401,"minecraft:sprint_one_cm":208285,"minecraft:damage_taken":2183,"minecraft:walk_one_cm":194343,"minecraft:damage_blocked_by_shield":8,"minecraft:drop":11,"minecraft:damage_dealt":1607,"minecraft:swim_one_cm":10329,"minecraft:talked_to_villager":1,"minecraft:fly_one_cm":316897,"minecraft:open_chest":8,"minecraft:crouch_one_cm":3534,"minecraft:sneak_time":975,"minecraft:play_time":59999,"tombstone:undead_killed":3,"minecraft:deaths":5,"minecraft:walk_under_water_one_cm":1148,"minecraft:jump":1615,"minecraft:walk_on_water_one_cm":3951,"minecraft:total_world_time":59999,"minecraft:fall_one_cm":44265},"minecraft:used":{"biomesoplenty:mahogany_planks":32,"minecraft:stone_sword":16,"minecraft:stone_pickaxe":110,"minecraft:shield":1,"minecraft:wooden_pickaxe":29,"minecraft:stone_hoe":170,"minecraft:torch":14,"valhelsia_structures:metal_framed_glass_pane":2,"minecraft:dirt":4,"minecraft:crafting_table":5,"tombstone:bag_of_seeds":2,"farmersdelight:tomato":2,"minecraft:melon_slice":61,"minecraft:iron_pickaxe":13,"minecraft:string":1,"minecraft:stone_axe":175,"minecraft:cobblestone":15,"tombstone:gift":2},"minecraft:dropped":{"minecraft:wheat_seeds":3,"minecraft:cobblestone":1,"minecraft:rotten_flesh":3,"minecraft:pumpkin_seeds":2,"supplementaries:flax_seeds":3,"minecraft:beetroot_seeds":1,"minecraft:stone_pickaxe":1},"minecraft:killed":{"minecraft:spider":2,"minecraft:sheep":4,"minecraft:skeleton":2,"minecraft:zombie":1}},"DataVersion":3465}