{"stats":{"minecraft:used":{"minecraft:wooden_axe":22,"minecraft:crafting_table":1,"minecraft:wooden_pickaxe":1},"minecraft:killed":{"minecraft:drowned":3,"minecraft:zombie":3},"minecraft:picked_up":{"minecraft:crafting_table":1,"minecraft:rotten_flesh":8,"minecraft:wheat_seeds":1,"minecraft:dark_oak_sign":2,"waystones:sandy_waystone":1,"minecraft:oak_log":3,"tombstone:magic_scroll":1},"minecraft:custom":{"minecraft:open_barrel":1,"minecraft:open_chest":1,"minecraft:time_since_rest":5444,"tombstone:undead_killed":6,"minecraft:crouch_one_cm":165,"minecraft:play_time":5444,"minecraft:sprint_one_cm":9143,"minecraft:damage_taken":320,"minecraft:walk_one_cm":9476,"minecraft:sneak_time":68,"minecraft:walk_under_water_one_cm":6775,"minecraft:mob_kills":6,"minecraft:drop":1,"minecraft:jump":105,"minecraft:damage_dealt":1198,"minecraft:walk_on_water_one_cm":6327,"minecraft:time_since_death":5444,"minecraft:climb_one_cm":943,"minecraft:total_world_time":5444,"minecraft:swim_one_cm":5249,"minecraft:fly_one_cm":21521,"minecraft:interact_with_crafting_table":1,"minecraft:fall_one_cm":1997},"minecraft:mined":{"minecraft:grass":1,"minecraft:oak_log":3,"minecraft:tall_grass":1,"minecraft:crafting_table":1,"minecraft:oak_leaves":1,"minecraft:fern":1},"minecraft:dropped":{"minecraft:wheat_seeds":1},"minecraft:crafted":{"minecraft:oak_planks":12,"minecraft:crafting_table":1,"minecraft:stick":4,"minecraft:wooden_pickaxe":1,"minecraft:wooden_axe":1}},"DataVersion":3465}