{"stats":{"minecraft:used":{"minecraft:wooden_axe":30,"minecraft:dispenser":1,"minecraft:dark_oak_sign":2,"minecraft:stone_pickaxe":33,"minecraft:oak_planks":6,"minecraft:leather_chestplate":1,"minecraft:wooden_pickaxe":5,"minecraft:spruce_trapdoor":1,"minecraft:chainmail_helmet":1,"minecraft:iron_boots":1,"minecraft:rotten_flesh":8,"minecraft:crafting_table":2,"minecraft:spruce_stairs":1,"tombstone:gift":1,"alexsmobs:animal_dictionary":1,"minecraft:pumpkin":1,"minecraft:chainmail_leggings":1},"minecraft:killed":{"minecraft:zombie":5,"minecraft:drowned":3},"minecraft:broken":{"minecraft:wooden_axe":1},"minecraft:picked_up":{"minecraft:crafting_table":1,"minecraft:anvil":1,"minecraft:pumpkin":1,"minecraft:spruce_stairs":1,"minecraft:raw_iron_block":5,"waystones:sandy_waystone":1,"minecraft:oak_log":9,"minecraft:blast_furnace":1,"tombstone:grave_dust":2,"immersive_armors:divine_boots":1,"minecraft:string":8,"minecraft:dispenser":1,"minecraft:rotten_flesh":13,"minecraft:wheat_seeds":1,"minecraft:dark_oak_sign":2,"minecraft:saddle":1,"tombstone:magic_scroll":1,"minecraft:coal_block":6,"minecraft:spruce_trapdoor":1,"minecraft:cobblestone":11},"minecraft:custom":{"minecraft:time_since_rest":5428,"minecraft:inspect_dropper":2,"minecraft:sprint_one_cm":69703,"minecraft:damage_taken":904,"minecraft:walk_one_cm":48227,"minecraft:mob_kills":8,"minecraft:drop":2,"minecraft:damage_dealt":1704,"minecraft:swim_one_cm":5249,"minecraft:interact_with_crafting_table":2,"minecraft:fly_one_cm":75295,"minecraft:open_barrel":3,"minecraft:open_chest":8,"minecraft:crouch_one_cm":1898,"minecraft:play_time":17444,"tombstone:undead_killed":8,"minecraft:deaths":2,"minecraft:sneak_time":768,"minecraft:walk_under_water_one_cm":6775,"minecraft:jump":353,"minecraft:time_since_death":6075,"minecraft:walk_on_water_one_cm":6327,"minecraft:total_world_time":17444,"minecraft:climb_one_cm":4901,"minecraft:inspect_dispenser":6,"minecraft:fall_one_cm":4935},"minecraft:mined":{"minecraft:raw_iron_block":5,"minecraft:anvil":1,"minecraft:crafting_table":1,"minecraft:grass":1,"minecraft:blast_furnace":1,"minecraft:infested_cobblestone":1,"minecraft:oak_log":6,"minecraft:coal_block":6,"minecraft:tall_grass":1,"minecraft:cobblestone":11,"minecraft:tripwire":9,"minecraft:oak_leaves":1,"minecraft:fern":1},"minecraft:dropped":{"minecraft:wheat_seeds":1,"minecraft:wooden_pickaxe":1},"minecraft:crafted":{"minecraft:oak_planks":36,"minecraft:crafting_table":2,"minecraft:stick":8,"minecraft:wooden_pickaxe":1,"minecraft:stone_pickaxe":1,"minecraft:wooden_axe":1}},"DataVersion":3465}