{"stats":{"minecraft:used":{"minecraft:dark_oak_sign":2,"minecraft:stone_pickaxe":33,"minecraft:dispenser":1,"minecraft:oak_planks":7,"immersive_armors:bone_helmet":1,"minecraft:wooden_pickaxe":5,"minecraft:leather_chestplate":1,"minecraft:shield":20,"minecraft:iron_sword":24,"minecraft:chainmail_helmet":1,"minecraft:stone_hoe":25,"minecraft:rotten_flesh":13,"minecraft:iron_chestplate":1,"minecraft:crafting_table":6,"minecraft:blast_furnace":1,"minecraft:spruce_stairs":1,"minecraft:wooden_axe":30,"minecraft:iron_pickaxe":2,"minecraft:spruce_trapdoor":1,"minecraft:iron_boots":1,"minecraft:stone_axe":17,"minecraft:cobblestone":1,"tombstone:gift":1,"alexsmobs:animal_dictionary":1,"minecraft:pumpkin":1,"minecraft:chainmail_leggings":1,"minecraft:iron_leggings":1},"minecraft:picked_up":{"minecraft:crafting_table":4,"minecraft:leather_chestplate":1,"minecraft:anvil":1,"minecraft:gold_block":1,"waystones:sandy_waystone":1,"minecraft:oak_log":14,"minecraft:string":10,"minecraft:wheat_seeds":1,"minecraft:dark_oak_sign":2,"minecraft:coal_block":6,"minecraft:acacia_sapling":1,"minecraft:spruce_trapdoor":1,"minecraft:stick":1,"minecraft:pumpkin":1,"minecraft:acacia_log":1,"minecraft:spruce_stairs":1,"minecraft:raw_iron_block":5,"tombstone:grave_dust":2,"minecraft:blast_furnace":2,"immersive_armors:divine_boots":2,"alexsmobs:kangaroo_hide":1,"minecraft:dispenser":1,"minecraft:rotten_flesh":14,"biomesoplenty:palm_log":10,"minecraft:saddle":1,"minecraft:chainmail_helmet":1,"tombstone:magic_scroll":1,"alexsmobs:kangaroo_meat":3,"minecraft:cobblestone":11},"minecraft:custom":{"minecraft:inspect_dropper":2,"minecraft:mob_kills":13,"minecraft:interact_with_crafting_table":19,"minecraft:open_barrel":3,"minecraft:leave_game":2,"minecraft:time_since_death":7611,"minecraft:climb_one_cm":4970,"minecraft:time_since_rest":5212,"minecraft:sprint_one_cm":139191,"minecraft:damage_taken":1403,"minecraft:walk_one_cm":74410,"minecraft:damage_blocked_by_shield":845,"minecraft:drop":13,"minecraft:damage_dealt":2801,"minecraft:swim_one_cm":55120,"minecraft:fly_one_cm":255664,"minecraft:open_chest":8,"minecraft:crouch_one_cm":3016,"minecraft:play_time":41679,"tombstone:undead_killed":9,"minecraft:deaths":4,"minecraft:sneak_time":1389,"minecraft:walk_under_water_one_cm":10307,"minecraft:jump":1041,"minecraft:interact_with_blast_furnace":17,"minecraft:walk_on_water_one_cm":14008,"minecraft:total_world_time":41679,"minecraft:fall_one_cm":23320,"minecraft:inspect_dispenser":6},"minecraft:dropped":{"minecraft:wheat_seeds":1,"minecraft:rotten_flesh":1,"minecraft:chainmail_helmet":2,"immersive_armors:divine_boots":2,"minecraft:leather_chestplate":2,"minecraft:acacia_sapling":1,"minecraft:stone_pickaxe":1,"minecraft:wooden_pickaxe":1,"minecraft:chainmail_leggings":1,"minecraft:acacia_planks":4},"minecraft:broken":{"minecraft:wooden_axe":1},"minecraft:mined":{"minecraft:acacia_leaves":30,"biomesoplenty:wildflower":1,"minecraft:crafting_table":4,"minecraft:acacia_log":1,"minecraft:blast_furnace":2,"minecraft:infested_cobblestone":1,"minecraft:coal_block":6,"minecraft:tall_grass":1,"minecraft:cobblestone":11,"biomesoplenty:dune_grass":1,"biomesoplenty:palm_log":10,"minecraft:raw_iron_block":5,"biomesoplenty:palm_leaves":1,"minecraft:anvil":1,"minecraft:gold_block":1,"minecraft:grass":1,"minecraft:oak_log":11,"minecraft:oak_leaves":1,"minecraft:tripwire":9,"minecraft:fern":1},"minecraft:killed":{"minecraft:husk":1,"minecraft:spider":1,"minecraft:zombie":5,"alexsmobs:crocodile":1,"minecraft:drowned":3,"alexsmobs:kangaroo":2},"minecraft:crafted":{"minecraft:oak_planks":56,"minecraft:raw_iron":45,"minecraft:crafting_table":3,"minecraft:wooden_pickaxe":1,"minecraft:iron_sword":1,"immersive_melodies:lute":1,"minecraft:bucket":2,"minecraft:stone_axe":1,"minecraft:air":0,"immersive_armors:bone_helmet":1,"minecraft:iron_chestplate":1,"minecraft:shield":1,"minecraft:stick":36,"minecraft:iron_ingot":45,"minecraft:iron_pickaxe":1,"minecraft:stone_pickaxe":1,"minecraft:wooden_axe":1,"minecraft:iron_leggings":1,"minecraft:gold_ingot":9,"minecraft:acacia_planks":4,"minecraft:stone_hoe":2,"biomesoplenty:palm_planks":40}},"DataVersion":3465}