{"stats":{"minecraft:mined":{"minecraft:acacia_leaves":30,"biomesoplenty:wildflower":1,"minecraft:stone_brick_slab":1,"minecraft:crafting_table":7,"minecraft:blast_furnace":2,"minecraft:acacia_log":1,"minecraft:spruce_fence":2,"minecraft:stone_brick_wall":2,"minecraft:infested_cobblestone":1,"minecraft:coal_block":6,"minecraft:tall_grass":4,"minecraft:cobblestone":11,"minecraft:oak_planks":6,"biomesoplenty:dune_grass":1,"biomesoplenty:palm_log":10,"minecraft:raw_iron_block":5,"biomesoplenty:palm_leaves":1,"minecraft:spruce_log":3,"minecraft:anvil":1,"minecraft:gold_block":1,"minecraft:grass":6,"minecraft:oak_log":11,"minecraft:oak_fence_gate":1,"minecraft:lantern":2,"minecraft:spruce_fence_gate":1,"minecraft:spruce_slab":1,"minecraft:oak_leaves":1,"minecraft:tripwire":9,"minecraft:fern":1},"minecraft:picked_up":{"minecraft:crafting_table":6,"minecraft:leather_chestplate":1,"minecraft:anvil":1,"minecraft:stone_brick_wall":2,"minecraft:gold_block":1,"waystones:sandy_waystone":1,"minecraft:oak_log":142,"minecraft:string":10,"minecraft:lantern":66,"minecraft:iron_axe":1,"minecraft:stone_bricks":128,"minecraft:wheat_seeds":2,"minecraft:oak_fence_gate":1,"minecraft:dark_oak_sign":2,"minecraft:spruce_slab":1,"rechiseled:chisel":1,"minecraft:coal_block":6,"minecraft:oak_planks":6,"minecraft:acacia_sapling":1,"minecraft:spruce_trapdoor":1,"minecraft:stick":1,"minecraft:pumpkin":1,"minecraft:stone_brick_slab":1,"minecraft:acacia_log":1,"minecraft:spruce_stairs":1,"minecraft:raw_iron_block":5,"minecraft:spruce_fence":2,"tombstone:grave_dust":2,"minecraft:blast_furnace":2,"minecraft:spruce_log":195,"immersive_armors:divine_boots":2,"alexsmobs:kangaroo_hide":1,"minecraft:spruce_fence_gate":1,"minecraft:dispenser":1,"minecraft:rotten_flesh":21,"biomesoplenty:palm_log":10,"minecraft:saddle":1,"minecraft:chainmail_helmet":1,"minecraft:bread":65,"tombstone:magic_scroll":1,"alexsmobs:kangaroo_meat":3,"minecraft:cobblestone":11},"minecraft:broken":{"minecraft:wooden_axe":1},"minecraft:crafted":{"minecraft:oak_planks":236,"minecraft:raw_iron":45,"minecraft:stone_brick_wall":42,"minecraft:crafting_table":4,"minecraft:spruce_planks":356,"minecraft:wooden_pickaxe":2,"minecraft:iron_sword":1,"immersive_melodies:lute":1,"minecraft:bucket":2,"minecraft:spruce_fence":90,"minecraft:stone_axe":1,"minecraft:air":0,"minecraft:oak_fence_gate":11,"minecraft:spruce_trapdoor":22,"minecraft:stone_brick_slab":54,"minecraft:spruce_stairs":36,"immersive_armors:bone_helmet":1,"minecraft:iron_chestplate":1,"minecraft:shield":1,"minecraft:spruce_slab":54,"minecraft:stick":240,"minecraft:iron_ingot":45,"minecraft:iron_pickaxe":1,"minecraft:stone_pickaxe":1,"minecraft:wooden_axe":1,"minecraft:gold_ingot":9,"minecraft:iron_leggings":1,"minecraft:acacia_planks":4,"minecraft:spruce_fence_gate":16,"minecraft:stone_hoe":2,"biomesoplenty:palm_planks":40},"minecraft:custom":{"minecraft:inspect_dropper":2,"minecraft:mob_kills":17,"minecraft:interact_with_crafting_table":42,"minecraft:open_barrel":12,"minecraft:leave_game":3,"minecraft:time_since_death":10585,"minecraft:sleep_in_bed":1,"minecraft:climb_one_cm":8798,"minecraft:time_since_rest":9498,"minecraft:sprint_one_cm":190652,"minecraft:damage_taken":2616,"minecraft:walk_one_cm":179135,"minecraft:damage_blocked_by_shield":845,"minecraft:drop":14,"minecraft:damage_dealt":3433,"minecraft:swim_one_cm":61766,"minecraft:fly_one_cm":360749,"minecraft:open_chest":16,"minecraft:play_time":81426,"minecraft:crouch_one_cm":19029,"tombstone:undead_killed":13,"minecraft:deaths":5,"minecraft:sneak_time":7194,"minecraft:walk_under_water_one_cm":14447,"minecraft:jump":1625,"minecraft:interact_with_blast_furnace":17,"minecraft:walk_on_water_one_cm":17343,"minecraft:total_world_time":81426,"minecraft:fall_one_cm":37670,"minecraft:inspect_dispenser":6},"minecraft:used":{"minecraft:spruce_slab":35,"minecraft:dark_oak_sign":2,"minecraft:stone_pickaxe":33,"minecraft:dispenser":1,"immersive_armors:bone_helmet":1,"minecraft:oak_planks":77,"minecraft:spruce_planks":5,"minecraft:wooden_pickaxe":10,"minecraft:shield":20,"minecraft:leather_chestplate":1,"minecraft:iron_sword":24,"minecraft:chainmail_helmet":2,"minecraft:spruce_fence_gate":17,"minecraft:rotten_flesh":13,"minecraft:stone_hoe":25,"minecraft:iron_chestplate":1,"minecraft:crafting_table":9,"minecraft:blast_furnace":1,"minecraft:spruce_stairs":7,"minecraft:stone_brick_wall":43,"minecraft:spruce_log":49,"minecraft:spruce_fence":61,"minecraft:oak_fence_gate":11,"minecraft:oak_log":33,"minecraft:lantern":18,"minecraft:stone_brick_slab":49,"minecraft:wooden_axe":30,"minecraft:iron_axe":40,"minecraft:bread":17,"minecraft:iron_pickaxe":2,"minecraft:spruce_trapdoor":13,"minecraft:iron_boots":1,"minecraft:stone_axe":17,"minecraft:cobblestone":1,"tombstone:gift":1,"alexsmobs:animal_dictionary":1,"minecraft:pumpkin":1,"minecraft:chainmail_leggings":1,"minecraft:iron_leggings":1},"minecraft:dropped":{"minecraft:wheat_seeds":2,"minecraft:rotten_flesh":1,"minecraft:chainmail_helmet":2,"immersive_armors:divine_boots":2,"minecraft:leather_chestplate":2,"minecraft:acacia_sapling":1,"minecraft:stone_pickaxe":1,"minecraft:wooden_pickaxe":1,"minecraft:chainmail_leggings":1,"minecraft:acacia_planks":4},"minecraft:killed":{"minecraft:husk":1,"minecraft:zombie_villager":1,"minecraft:spider":1,"minecraft:zombie":8,"alexsmobs:crocodile":1,"minecraft:drowned":3,"alexsmobs:kangaroo":2}},"DataVersion":3465}