{"stats":{"minecraft:used":{"minecraft:stone_pickaxe":33,"minecraft:dispenser":1,"minecraft:dark_oak_sign":2,"minecraft:oak_planks":7,"immersive_armors:bone_helmet":1,"minecraft:wooden_pickaxe":5,"minecraft:leather_chestplate":1,"minecraft:shield":17,"minecraft:iron_sword":16,"minecraft:chainmail_helmet":1,"minecraft:rotten_flesh":12,"minecraft:iron_chestplate":1,"minecraft:crafting_table":5,"minecraft:spruce_stairs":1,"minecraft:blast_furnace":1,"minecraft:wooden_axe":30,"minecraft:iron_pickaxe":2,"minecraft:iron_boots":1,"minecraft:spruce_trapdoor":1,"minecraft:stone_axe":16,"tombstone:gift":1,"alexsmobs:animal_dictionary":1,"minecraft:iron_leggings":1,"minecraft:pumpkin":1,"minecraft:chainmail_leggings":1},"minecraft:killed":{"minecraft:husk":1,"minecraft:zombie":5,"alexsmobs:crocodile":1,"minecraft:drowned":3},"minecraft:broken":{"minecraft:wooden_axe":1},"minecraft:picked_up":{"minecraft:crafting_table":3,"minecraft:leather_chestplate":1,"minecraft:anvil":1,"minecraft:gold_block":1,"waystones:sandy_waystone":1,"minecraft:oak_log":9,"minecraft:string":8,"minecraft:wheat_seeds":1,"minecraft:dark_oak_sign":2,"minecraft:coal_block":6,"minecraft:spruce_trapdoor":1,"minecraft:pumpkin":1,"minecraft:acacia_log":1,"minecraft:raw_iron_block":5,"minecraft:spruce_stairs":1,"tombstone:grave_dust":2,"minecraft:blast_furnace":2,"immersive_armors:divine_boots":2,"minecraft:dispenser":1,"minecraft:rotten_flesh":14,"biomesoplenty:palm_log":10,"minecraft:saddle":1,"minecraft:chainmail_helmet":1,"tombstone:magic_scroll":1,"minecraft:cobblestone":11},"minecraft:custom":{"minecraft:inspect_dropper":2,"minecraft:mob_kills":10,"minecraft:interact_with_crafting_table":17,"minecraft:open_barrel":3,"minecraft:time_since_death":2983,"minecraft:climb_one_cm":4970,"minecraft:time_since_rest":1643,"minecraft:sprint_one_cm":88121,"minecraft:damage_taken":1112,"minecraft:walk_one_cm":64005,"minecraft:damage_blocked_by_shield":765,"minecraft:drop":12,"minecraft:damage_dealt":2201,"minecraft:swim_one_cm":36571,"minecraft:fly_one_cm":126212,"minecraft:open_chest":8,"minecraft:crouch_one_cm":2775,"minecraft:play_time":29444,"tombstone:undead_killed":9,"minecraft:deaths":3,"minecraft:sneak_time":1263,"minecraft:walk_under_water_one_cm":9610,"minecraft:jump":565,"minecraft:interact_with_blast_furnace":17,"minecraft:walk_on_water_one_cm":12650,"minecraft:total_world_time":29444,"minecraft:fall_one_cm":7681,"minecraft:inspect_dispenser":6},"minecraft:mined":{"minecraft:acacia_leaves":6,"biomesoplenty:wildflower":1,"minecraft:crafting_table":3,"minecraft:acacia_log":1,"minecraft:blast_furnace":2,"minecraft:infested_cobblestone":1,"minecraft:tall_grass":1,"minecraft:coal_block":6,"minecraft:cobblestone":11,"biomesoplenty:palm_log":10,"minecraft:raw_iron_block":5,"biomesoplenty:palm_leaves":1,"minecraft:anvil":1,"minecraft:gold_block":1,"minecraft:grass":1,"minecraft:oak_log":6,"minecraft:oak_leaves":1,"minecraft:tripwire":9,"minecraft:fern":1},"minecraft:dropped":{"minecraft:wheat_seeds":1,"minecraft:rotten_flesh":1,"minecraft:chainmail_helmet":2,"immersive_armors:divine_boots":2,"minecraft:leather_chestplate":2,"minecraft:stone_pickaxe":1,"minecraft:wooden_pickaxe":1,"minecraft:chainmail_leggings":1,"minecraft:acacia_planks":4},"minecraft:crafted":{"minecraft:oak_planks":36,"minecraft:raw_iron":45,"minecraft:crafting_table":2,"minecraft:wooden_pickaxe":1,"minecraft:iron_sword":1,"immersive_melodies:lute":1,"minecraft:bucket":2,"minecraft:stone_axe":1,"minecraft:air":0,"immersive_armors:bone_helmet":1,"minecraft:iron_chestplate":1,"minecraft:shield":1,"minecraft:stick":16,"minecraft:iron_ingot":45,"minecraft:iron_pickaxe":1,"minecraft:stone_pickaxe":1,"minecraft:wooden_axe":1,"minecraft:iron_leggings":1,"minecraft:gold_ingot":9,"minecraft:acacia_planks":4,"biomesoplenty:palm_planks":40}},"DataVersion":3465}