{"stats":{"minecraft:mined":{"minecraft:acacia_log":1,"minecraft:grass_block":37,"minecraft:stone_brick_wall":2,"minecraft:spruce_fence":2,"minecraft:infested_cobblestone":1,"minecraft:coal_block":6,"minecraft:sandstone":6,"minecraft:rooted_dirt":1,"biomesoplenty:dune_grass":1,"biomesoplenty:palm_log":10,"minecraft:raw_iron_block":5,"biomesoplenty:palm_leaves":1,"minecraft:anvil":1,"minecraft:gold_block":1,"minecraft:dirt_path":27,"minecraft:lantern":2,"minecraft:stone":3,"minecraft:spruce_slab":47,"minecraft:tripwire":9,"minecraft:acacia_leaves":30,"biomesoplenty:wildflower":1,"minecraft:stone_brick_slab":1,"minecraft:crafting_table":8,"minecraft:blast_furnace":2,"minecraft:dead_bush":1,"minecraft:tall_grass":4,"minecraft:cobblestone":11,"farmersdelight:wild_tomatoes":5,"minecraft:oak_planks":6,"minecraft:spruce_stairs":3,"minecraft:coarse_dirt":2,"minecraft:spruce_log":3,"minecraft:white_wall_banner":1,"minecraft:red_wall_banner":1,"minecraft:coal_ore":4,"minecraft:grass":6,"minecraft:oak_log":11,"minecraft:oak_fence_gate":1,"minecraft:sand":1,"minecraft:dirt":20,"minecraft:spruce_fence_gate":1,"minecraft:oak_leaves":1,"minecraft:fern":1},"minecraft:picked_up":{"minecraft:coarse_dirt":66,"minecraft:crafting_table":7,"minecraft:chainmail_boots":1,"minecraft:anvil":1,"alexscaves:cave_tablet":1,"minecraft:stone_brick_wall":2,"minecraft:gold_block":1,"minecraft:shield":1,"minecraft:string":11,"minecraft:raw_copper":192,"minecraft:iron_axe":3,"minecraft:iron_shovel":2,"alexsmobs:emu_feather":3,"create_sabers:brass_saber_lime":1,"minecraft:iron_pickaxe":1,"minecraft:spruce_slab":245,"minecraft:enchanted_golden_apple":1,"minecraft:coal_block":6,"minecraft:spruce_trapdoor":1,"minecraft:sandstone":6,"minecraft:raw_iron":64,"minecraft:stick":1,"minecraft:stone":64,"minecraft:acacia_log":1,"sophisticatedbackpacks:backpack":1,"minecraft:spruce_stairs":4,"minecraft:spruce_fence":2,"farmersdelight:tomato_seeds":2,"minecraft:cookie":64,"tombstone:grave_dust":4,"minecraft:arrow":3,"minecraft:rotten_flesh":23,"biomesoplenty:palm_log":10,"minecraft:saddle":1,"minecraft:totem_of_undying":1,"supplementaries:ash":1,"alexsmobs:kangaroo_meat":3,"minecraft:cobblestone":14,"minecraft:leather_chestplate":1,"minecraft:feather":1,"alexsmobs:bear_fur":1,"minecraft:chainmail_chestplate":1,"waystones:sandy_waystone":1,"minecraft:oak_log":142,"alexsmobs:cooked_kangaroo_meat":5,"minecraft:dirt":140,"minecraft:lantern":66,"minecraft:white_banner":17,"minecraft:bone":2,"minecraft:stone_bricks":128,"minecraft:wheat_seeds":2,"minecraft:oak_fence_gate":1,"minecraft:dark_oak_sign":2,"rechiseled:chisel":1,"minecraft:iron_sword":1,"minecraft:oak_planks":6,"minecraft:acacia_sapling":1,"minecraft:pumpkin":1,"minecraft:stone_brick_slab":1,"minecraft:raw_iron_block":5,"minecraft:gravel":64,"minecraft:sand":1,"minecraft:red_banner":17,"minecraft:blast_furnace":2,"minecraft:spruce_log":195,"immersive_armors:divine_boots":2,"minecraft:spider_eye":1,"minecraft:spruce_fence_gate":1,"alexsmobs:kangaroo_hide":1,"minecraft:dispenser":1,"minecraft:chainmail_leggings":1,"alexsmobs:rattlesnake_rattle":1,"minecraft:bread":193,"minecraft:chainmail_helmet":2,"minecraft:rooted_dirt":2,"tombstone:magic_scroll":2,"minecraft:coal":4,"minecraft:ender_pearl":16},"minecraft:broken":{"minecraft:wooden_axe":1},"minecraft:crafted":{"minecraft:oak_planks":236,"minecraft:raw_iron":45,"minecraft:stone_brick_wall":66,"minecraft:spruce_fence":90,"minecraft:stone_brick_slab":54,"minecraft:spruce_stairs":36,"minecraft:spruce_slab":174,"minecraft:stone_pickaxe":1,"minecraft:stone_hoe":2,"minecraft:crafting_table":5,"minecraft:spruce_planks":472,"minecraft:wooden_pickaxe":2,"minecraft:iron_sword":1,"immersive_melodies:lute":1,"minecraft:bucket":2,"minecraft:stone_axe":1,"minecraft:air":0,"minecraft:oak_fence_gate":11,"minecraft:spruce_trapdoor":22,"minecraft:iron_chestplate":1,"immersive_armors:bone_helmet":1,"minecraft:shield":1,"minecraft:stick":240,"minecraft:iron_ingot":45,"minecraft:iron_pickaxe":1,"minecraft:wooden_axe":1,"minecraft:iron_leggings":1,"minecraft:gold_ingot":9,"minecraft:acacia_planks":4,"minecraft:spruce_fence_gate":16,"biomesoplenty:palm_planks":40},"minecraft:custom":{"minecraft:inspect_dropper":2,"minecraft:mob_kills":35,"minecraft:interact_with_crafting_table":44,"minecraft:open_barrel":12,"minecraft:leave_game":4,"minecraft:time_since_death":8824,"minecraft:climb_one_cm":9056,"minecraft:sprint_one_cm":302120,"minecraft:walk_one_cm":326578,"minecraft:damage_blocked_by_shield":1305,"minecraft:drop":82,"minecraft:play_time":124761,"minecraft:deaths":6,"minecraft:sneak_time":12995,"minecraft:walk_under_water_one_cm":14447,"minecraft:jump":2517,"minecraft:interact_with_blast_furnace":17,"minecraft:walk_on_water_one_cm":17850,"minecraft:total_world_time":124761,"minecraft:sleep_in_bed":2,"minecraft:time_since_rest":8431,"minecraft:damage_taken":3925,"minecraft:damage_dealt":6831,"minecraft:swim_one_cm":63193,"minecraft:fly_one_cm":563898,"minecraft:open_chest":16,"minecraft:crouch_one_cm":44098,"tombstone:undead_killed":19,"minecraft:fall_one_cm":56157,"minecraft:inspect_dispenser":6},"minecraft:used":{"minecraft:iron_shovel":186,"minecraft:dispenser":1,"minecraft:spruce_slab":330,"minecraft:spruce_planks":10,"minecraft:shield":27,"minecraft:stone":27,"minecraft:iron_sword":24,"create_sabers:brass_saber_lime":40,"minecraft:stone_hoe":25,"minecraft:rotten_flesh":15,"minecraft:iron_chestplate":1,"minecraft:dirt":21,"minecraft:spruce_stairs":22,"alexsmobs:cooked_kangaroo_meat":5,"minecraft:spruce_fence":61,"minecraft:oak_fence_gate":11,"minecraft:stone_brick_slab":49,"minecraft:wooden_axe":30,"minecraft:lantern":18,"minecraft:iron_axe":179,"minecraft:iron_boots":1,"tombstone:gift":2,"minecraft:pumpkin":1,"minecraft:iron_leggings":1,"minecraft:stone_pickaxe":33,"minecraft:dark_oak_sign":2,"minecraft:oak_planks":77,"minecraft:leather_chestplate":1,"immersive_armors:bone_helmet":1,"minecraft:wooden_pickaxe":14,"minecraft:sandstone":6,"minecraft:chainmail_helmet":2,"minecraft:spruce_fence_gate":17,"minecraft:sand":1,"minecraft:crafting_table":11,"minecraft:blast_furnace":1,"minecraft:stone_brick_wall":45,"minecraft:spruce_log":51,"minecraft:oak_log":55,"minecraft:bread":31,"minecraft:iron_pickaxe":12,"minecraft:spruce_trapdoor":13,"minecraft:gravel":21,"minecraft:stone_axe":17,"minecraft:cobblestone":4,"minecraft:white_banner":7,"minecraft:red_banner":8,"alexsmobs:animal_dictionary":1,"minecraft:coarse_dirt":21,"minecraft:chainmail_leggings":1},"minecraft:dropped":{"farmersdelight:tomato_seeds":2,"minecraft:bread":162,"minecraft:iron_sword":1,"minecraft:wheat_seeds":2,"minecraft:oak_log":28,"minecraft:ender_pearl":16,"minecraft:feather":1,"minecraft:cookie":64,"minecraft:lantern":48,"minecraft:rooted_dirt":2,"minecraft:spruce_stairs":18,"minecraft:chainmail_helmet":3,"minecraft:stick":42,"minecraft:dirt":119,"tombstone:grave_dust":2,"minecraft:white_banner":10,"minecraft:iron_axe":2,"minecraft:iron_shovel":2,"minecraft:chainmail_leggings":1,"minecraft:string":1,"minecraft:acacia_planks":4,"minecraft:stone_brick_slab":6,"minecraft:gravel":43,"minecraft:coarse_dirt":45,"minecraft:raw_copper":192,"minecraft:raw_iron":44,"minecraft:red_banner":9,"minecraft:rotten_flesh":8,"minecraft:oak_planks":49,"minecraft:enchanted_golden_apple":1,"minecraft:spruce_fence":31,"immersive_armors:divine_boots":2,"minecraft:oak_fence_gate":1,"minecraft:leather_chestplate":2,"supplementaries:ash":1,"minecraft:stone":37,"minecraft:spruce_trapdoor":10,"minecraft:spruce_planks":47,"minecraft:stone_brick_wall":23,"minecraft:acacia_sapling":1,"minecraft:spider_eye":1,"minecraft:stone_bricks":35,"minecraft:spruce_log":26,"minecraft:spruce_slab":89,"rechiseled:chisel":1,"minecraft:stone_pickaxe":1,"minecraft:wooden_pickaxe":2},"minecraft:killed":{"minecraft:spider":3,"alexsmobs:rattlesnake":2,"minecraft:skeleton":3,"minecraft:drowned":3,"alexsmobs:kangaroo":2,"minecraft:husk":1,"alexsmobs:grizzly_bear":1,"minecraft:zombie_villager":1,"alexsmobs:emu":4,"alexsmobs:crocodile":1,"minecraft:zombie":11,"midnightlurker:midnight_lurker_backturned":1}},"DataVersion":3465}