{"stats":{"minecraft:killed":{"vampirism:vampire":3,"minecraft:cave_spider":9,"born_in_chaos_v1:restless_spirit":3,"born_in_chaos_v1:skeleton_demoman":1,"mythicmounts:dragon":1,"irons_spellbooks:summoned_polar_bear":1,"minecraft:cod":1,"born_in_chaos_v1:baby_skeleton_minion":3,"minecraft:skeleton":9,"vampirism:blinding_bat":4,"fishofthieves:wildsplash":11,"deep_dark_regrowth:sculk_parasite":1,"untamedwilds:giant_salamander":1,"minecraft:tropical_fish":4,"minecraft:iron_golem":1,"minecraft:pillager":11,"minecraft:zombie":24,"born_in_chaos_v1:corpse_fly":12,"untamedwilds:bison":2,"untamedwilds:snake":1,"born_in_chaos_v1:door_knight":1,"dungeonsweaponry:vanguard":20,"minecraft:vindicator":1,"minecraft:endermite":1,"fishofthieves:pondie":16,"untamedwilds:catfish":3,"born_in_chaos_v1:dire_hound_leader":1,"born_in_chaos_v1:decrepit_skeleton":2,"born_in_chaos_v1:bloody_gadfly":1,"minecraft:spider":14,"minecraft:axolotl":1,"minecraft:silverfish":1,"irons_spellbooks:summoned_skeleton":3,"born_in_chaos_v1:bonescaller":2,"minecraft:pig":4,"born_in_chaos_v1:diamond_termite":9,"born_in_chaos_v1:wither_scuttler":3,"untamedwilds:boar":9,"irons_spellbooks:necromancer":1,"minecraft:creeper":7,"vampirism:hunter":2,"minecraft:sheep":2,"untamedwilds:bear":2,"born_in_chaos_v1:zombie_fisherman":1,"born_in_chaos_v1:dread_hound":5,"minecraft:stray":1,"fishofthieves:devilfish":1,"alexsmobs:fly":1,"irons_spellbooks:summoned_zombie":1,"born_in_chaos_v1:zombie_bruiser":4,"born_in_chaos_v1:maggot":10,"minecraft:phantom":35,"minecraft:drowned":2,"born_in_chaos_v1:corpse_fish":11,"born_in_chaos_v1:fallen_chaos_knight":1,"mythicmounts:nudibranch":1,"born_in_chaos_v1:baby_skeleton":3,"born_in_chaos_v1:swarmer":1,"sons_of_sins:betrayed_guzzler":2,"born_in_chaos_v1:nightmare_stalker":2},"minecraft:mined":{"minecraft:white_bed":5,"minecraft:obsidian":17,"deep_dark_regrowth:fluorescent_moss":4,"minecraft:granite":7,"minecraft:acacia_log":11,"minecraft:jungle_log":575,"deep_dark_regrowth:sculk_tendril":1,"minecraft:deepslate_bricks":1,"biomesoplenty:dried_salt":21,"minecraft:chiseled_stone_bricks":1,"minecraft:spawner":6,"minecraft:dark_oak_trapdoor":8,"minecraft:fire":7,"minecraft:cobbled_deepslate":33,"deep_dark_regrowth:sculk_biter_on":2,"deep_dark_regrowth:fernus":2,"minecraft:moss_carpet":1,"minecraft:deepslate_lapis_ore":9,"minecraft:fletching_table":8,"minecraft:sculk_shrieker":14,"minecraft:oak_stairs":4,"minecraft:deepslate_brick_stairs":1,"minecraft:tripwire":25,"minecraft:orange_bed":10,"minecraft:jungle_trapdoor":2,"deep_dark_regrowth:sculk_biter":12,"minecraft:cyan_glazed_terracotta":3,"minecraft:torch":19,"born_in_chaos_v1:infected_deepslate_diamond_ore":4,"minecraft:cyan_bed":7,"minecraft:damaged_anvil":20,"minecraft:bricks":27,"minecraft:amethyst_block":3,"minecraft:cyan_wool":11,"minecraft:wheat":11,"minecraft:grass":20,"deep_dark_regrowth:large_fernus":3,"biomesoplenty:dead_log":42,"minecraft:smooth_basalt":4,"minecraft:stonecutter":1,"minecraft:deepslate":287,"minecraft:mossy_cobblestone":1,"deep_dark_regrowth:sculk_sprouts":5,"minecraft:spruce_fence":4,"minecraft:jungle_planks":90,"minecraft:moss_block":5,"deep_dark_regrowth:ancient_vase":2,"evilcraft:box_of_eternal_closure":2,"minecraft:cobblestone_slab":3,"minecraft:vine":35,"minecraft:rail":1,"deep_dark_regrowth:pulse_flower":1,"minecraft:emerald_ore":150,"minecraft:tall_grass":1,"minecraft:deepslate_gold_ore":28,"minecraft:diorite":84,"minecraft:big_dripleaf":2,"deep_dark_regrowth:sculk_exhaler":1,"minecraft:spruce_log":6,"minecraft:quartz_pillar":27,"deep_dark_regrowth:apatine_plant":9,"werewolves:deepslate_silver_ore":14,"minecraft:gravel":15,"minecraft:cobweb":71,"biomesoplenty:dead_planks":11,"minecraft:stone_bricks":8,"minecraft:gold_ore":1,"deep_dark_regrowth:sculk_biter_charge":2,"minecraft:fern":3,"minecraft:spruce_planks":21,"minecraft:farmland":4,"minecraft:jungle_slab":1,"minecraft:sculk_vein":148,"minecraft:orange_wool":1,"minecraft:brewing_stand":3,"minecraft:spruce_trapdoor":3,"minecraft:cave_vines_plant":1,"minecraft:grass_block":12,"minecraft:infested_cobblestone":1,"minecraft:composter":11,"deep_dark_regrowth:vilethorn":3,"minecraft:sculk_catalyst":4,"minecraft:iron_ore":82,"minecraft:target":1,"minecraft:iron_bars":1,"minecraft:azalea_leaves":1,"minecraft:azalea":2,"minecraft:deepslate_redstone_ore":12,"untamedwilds:flora_water_hyacinth":1,"minecraft:blackstone":194,"deep_dark_regrowth:sculk_ribs":7,"biomesoplenty:glowing_moss_carpet":1,"minecraft:polished_deepslate_stairs":1,"biomesoplenty:wildflower":3,"minecraft:clay":1,"minecraft:calcite":3,"minecraft:cobblestone":229,"deep_dark_regrowth:overloaded_sculk":11,"minecraft:grindstone":1,"minecraft:oak_planks":12,"minecraft:wall_torch":29,"evilcraft:dark_ore_deepslate":6,"deep_dark_regrowth:illager_polished_deepslate":1,"minecraft:oak_log":53,"deep_dark_regrowth:large_infected_mushroom":2,"minecraft:sand":34,"minecraft:dirt":19,"dungeonsweaponry:emerald_pot":4,"minecraft:potted_red_tulip":1,"deep_dark_regrowth:exxo_growth":1,"minecraft:oak_leaves":2,"werewolves:silver_ore":25,"alexscaves:spelunkery_table":2,"minecraft:tuff":44,"deep_dark_regrowth:short_infected_mushroom":3,"minecraft:quartz_stairs":2,"deep_dark_regrowth:sculk_soil":36,"minecraft:dark_oak_leaves":1,"minecraft:deepslate_diamond_ore":35,"minecraft:hay_block":6,"minecraft:furnace":15,"minecraft:carrots":2,"evilcraft:dark_ore":3,"minecraft:peony":1,"minecraft:bell":7,"minecraft:bookshelf":16,"minecraft:deepslate_iron_ore":62,"minecraft:lantern":4,"minecraft:stripped_acacia_log":3,"minecraft:stone":706,"minecraft:pink_terracotta":10,"minecraft:spruce_door":3,"travelersbackpack:standard":2,"minecraft:oak_fence":1,"minecraft:crafting_table":12,"minecraft:oak_wood":107,"minecraft:rose_bush":5,"minecraft:sculk_sensor":13,"minecraft:lectern":495,"minecraft:lapis_ore":6,"minecraft:sculk":2214,"minecraft:spruce_stairs":8,"minecraft:gray_wool":210,"minecraft:coal_ore":86,"minecraft:terracotta":91,"minecraft:polished_andesite":2,"minecraft:mossy_stone_bricks":1},"minecraft:custom":{"minecraft:interact_with_crafting_table":86,"minecraft:open_barrel":43,"goblintraders:trade_with_goblin":42,"minecraft:bell_ring":56,"minecraft:leave_game":48,"minecraft:time_since_death":4739,"vampirism:interact_with_coffin":9,"minecraft:play_time":997205,"minecraft:deaths":15,"minecraft:jump":11540,"minecraft:interact_with_furnace":135,"minecraft:traded_with_villager":188,"minecraft:sleep_in_bed":2,"minecraft:waystone_activated":17,"minecraft:damage_dealt":37123,"minecraft:use_cauldron":3,"minecraft:inspect_dispenser":5,"minecraft:interact_with_smithing_table":16,"minecraft:inspect_dropper":1,"minecraft:interact_with_anvil":44,"minecraft:sneak_time":130167,"minecraft:total_world_time":997205,"vampirism:blood_drunk":600,"minecraft:time_since_rest":5069,"minecraft:swim_one_cm":347946,"minecraft:fly_one_cm":1684740,"minecraft:open_chest":286,"minecraft:fall_one_cm":169099,"minecraft:damage_resisted":276,"minecraft:sprint_one_cm":1075095,"minecraft:drop":468,"minecraft:talked_to_villager":807,"minecraft:interact_with_brewingstand":2,"minecraft:walk_on_water_one_cm":505443,"minecraft:interact_with_loom":2,"minecraft:player_kills":1,"minecraft:crouch_one_cm":501370,"minecraft:mob_kills":291,"minecraft:fill_cauldron":3,"minecraft:damage_dealt_resisted":6805,"minecraft:climb_one_cm":73238,"minecraft:walk_one_cm":1996380,"vampirism:skills_unlocked":6,"minecraft:walk_under_water_one_cm":294656,"minecraft:pot_flower":1,"minecraft:damage_taken":22187,"minecraft:trigger_trapped_chest":2},"minecraft:picked_up":{"minecraft:iron_chestplate":2,"minecraft:flower_pot":1,"untamedwilds:hide_ashen":5,"minecraft:oak_stairs":4,"minecraft:enchanted_book":2,"minecraft:brewing_stand":3,"minecraft:amethyst_block":3,"vampirism:holy_water_bottle_normal":2,"minecraft:string":135,"minecraft:dark_oak_trapdoor":20,"dungeonsweaponry:suns_grace":1,"minecraft:beetroot":1,"vampirism:obi_belt":2,"minecraft:cobbled_deepslate":274,"bosses_of_mass_destruction:soul_star":1,"minecraft:spruce_planks":12,"minecraft:enchanted_golden_apple":1,"minecraft:composter":5,"minecraft:big_dripleaf":2,"minecraft:acacia_log":1,"werewolves:liver":1,"vampirism:amulet":1,"minecraft:pink_terracotta":8,"minecraft:orange_bed":9,"vampirism:blood_bottle":3,"evilcraft:box_of_eternal_closure":2,"minecraft:tropical_fish":4,"farmersdelight:onion":1,"minecraft:red_tulip":1,"farmersdelight:rope":15,"minecraft:iron_bars":1,"born_in_chaos_v1:staffof_magic_arrows":1,"minecraft:cooked_beef":72,"biomesoplenty:dried_salt":21,"minecraft:jungle_log":788,"biomesoplenty:dead_log":42,"travelersbackpack:gold_tier_upgrade":1,"fishofthieves:wildsplash":16,"minecraft:lantern":11,"minecraft:purple_carpet":3,"fishofthieves:earthworms":8,"minecraft:moss_block":4,"vampirism:ring":1,"fishofthieves:pondie":19,"minecraft:stripped_acacia_log":3,"minecraft:polished_andesite":4,"minecraft:deepslate":6,"minecraft:granite":13,"minecraft:bread":18,"born_in_chaos_v1:rotten_fish":3,"minecraft:bricks":25,"minecraft:mud":2,"minecraft:crafting_table":14,"minecraft:leather_leggings":1,"irons_spellbooks:tarnished_helmet":1,"minecraft:jungle_trapdoor":2,"untamedwilds:flora_water_hyacinth_item":1,"revive_hardcore_players:revive_crystal":1,"minecraft:beef":7,"born_in_chaos_v1:gnawed_bones":2,"minecraft:cyan_wool":11,"minecraft:jungle_sapling":23,"minecraft:poppy":2,"minecraft:quartz_stairs":1,"minecraft:stone":2,"securitycraft:reinforced_cobblestone":2,"farmersdelight:minced_beef":9,"minecraft:spruce_fence":3,"werewolves:raw_silver":45,"born_in_chaos_v1:pieceofdarkmetal":9,"minecraft:carrot":24,"minecraft:redstone":88,"untamedwilds:hide_white":6,"minecraft:peony":1,"minecraft:deepslate_bricks":1,"minecraft:hay_block":6,"minecraft:glow_berries":2,"minecraft:mutton":5,"minecraft:rail":1,"deep_dark_regrowth:sculk_bone":16,"minecraft:white_wool":3,"born_in_chaos_v1:nightmare_mantleofthe_night_boots":2,"born_in_chaos_v1:monster_flesh":9,"minecraft:red_mushroom":1,"doggytalents:rice_grains":10,"minecraft:oak_log":52,"biomesoplenty:glowing_moss_carpet":3,"minecraft:apple":3,"minecraft:stone_bricks":7,"minecraft:glass_bottle":8,"minecraft:smooth_basalt":5,"born_in_chaos_v1:ethereal_spirit":6,"minecraft:gravel":1,"minecraft:spruce_sapling":5,"born_in_chaos_v1:fangofthe_hound_leader":3,"minecraft:spruce_log":6,"minecraft:oak_wood":24,"fishofthieves:fish_bone":1,"travelersbackpack:standard":2,"minecraft:stone_axe":2,"fishofthieves:devilfish":1,"minecraft:gray_wool":206,"alexscaves:cave_map":1,"minecraft:ender_pearl":2,"minecraft:wheat":7,"minecraft:iron_trapdoor":1,"minecraft:sentry_armor_trim_smithing_template":2,"minecraft:potion":10,"vampirism:pure_salt_water":1,"aether:diamond_gloves":1,"minecraft:iron_leggings":1,"irons_spellbooks:arcane_essence":10,"biomesoplenty:dead_sapling":2,"alexsmobs:banana":17,"minecraft:bucket":1,"delightful:acorn":10,"minecraft:rose_bush":7,"minecraft:cobblestone_slab":4,"minecraft:calcite":3,"minecraft:azalea":4,"minecraft:iron_pickaxe":2,"delightful:green_tea_leaf":3,"minecraft:iron_boots":1,"minecraft:furnace":16,"minecraft:tipped_arrow":64,"minecraft:stick":100,"minecraft:oak_fence":1,"minecraft:torch":65,"minecraft:spruce_stairs":8,"minecraft:porkchop":16,"minecraft:pointed_dripstone":18,"minecraft:diorite":56,"born_in_chaos_v1:nightmare_claw":2,"biomesoplenty:dead_door":1,"minecraft:rotten_flesh":60,"evilcraft:condensed_blood":48,"minecraft:obsidian":15,"minecraft:cod":10,"minecraft:cobblestone":763,"securitycraft:reinforced_lectern":5,"minecraft:potato":4,"paraglider:spirit_orb":10,"minecraft:tuff":42,"evilcraft:flesh_humanoid":1,"deep_dark_regrowth:mossy_fluorite":44,"deep_dark_regrowth:apatine_seeds":6,"minecraft:lapis_lazuli":157,"minecraft:dirt":44,"born_in_chaos_v1:monster_skin":7,"minecraft:bone":59,"minecraft:bow":1,"minecraft:wheat_seeds":28,"minecraft:raw_gold":39,"minecraft:bell":7,"minecraft:fletching_table":8,"deep_dark_regrowth:exxo_plant":4,"minecraft:oak_planks":44,"irons_spellbooks:frozen_bone":4,"evilcraft:dark_gem_crushed":15,"minecraft:jungle_planks":347,"minecraft:sand":36,"minecraft:cyan_bed":7,"minecraft:jungle_slab":1,"sons_of_sins:flesh_of_demise":2,"minecraft:mossy_cobblestone":1,"minecraft:diamond":58,"waystones:waystone":8,"minecraft:bone_meal":2,"minecraft:emerald":363,"werewolves:cracked_bone":1,"minecraft:oak_sapling":48,"born_in_chaos_v1:diamond_termite_shard":8,"minecraft:turtle_helmet":1,"minecraft:brown_mushroom":1,"minecraft:chain":1,"minecraft:moss_carpet":2,"untamedwilds:food_bear_raw":6,"minecraft:iron_axe":1,"minecraft:blue_orchid":1,"minecraft:cyan_carpet":16,"minecraft:mycelium":3,"minecraft:blackstone":119,"deep_dark_regrowth:sculk_soil":16,"minecraft:oak_boat":4,"biomesoplenty:wildflower":3,"minecraft:lectern":495,"minecraft:spruce_trapdoor":2,"minecraft:phantom_membrane":9,"minecraft:raw_iron":172,"minecraft:quartz_pillar":19,"minecraft:cookie":30,"minecraft:arrow":7,"deep_dark_regrowth:large_infected_mushroom":8,"alexscaves:spelunkery_table":2,"minecraft:glistering_melon_slice":5,"born_in_chaos_v1:corpse_maggot":18,"minecraft:jungle_boat":3,"minecraft:leather":11,"minecraft:crimson_fungus":64,"werewolves:dream_catcher":1,"fishofthieves:grubs":2,"minecraft:gunpowder":14,"untamedwilds:material_fat":8,"deep_dark_regrowth:pulse_flower_petal":2,"minecraft:iron_ingot":8,"deep_dark_regrowth:short_infected_mushroom":3,"minecraft:acacia_sapling":1,"minecraft:book":48,"minecraft:chiseled_stone_bricks":1,"minecraft:stone_brick_slab":1,"deep_dark_regrowth:apatine":28,"biomesoplenty:dead_planks":9,"minecraft:white_bed":5,"minecraft:green_carpet":2,"minecraft:spider_eye":28,"minecraft:spruce_door":6,"evilcraft:dark_gem":55,"minecraft:iron_helmet":1,"dungeonsweaponry:glaive":10,"minecraft:terracotta":82,"minecraft:damaged_anvil":21,"minecraft:coal":147},"minecraft:crafted":{"minecraft:bookshelf":2,"minecraft:cooked_mutton":5,"minecraft:glass":34,"minecraft:diamond_helmet":1,"minecraft:magenta_dye":2,"minecraft:glass_bottle":3,"minecraft:emerald":135,"minecraft:cooked_porkchop":7,"minecraft:diamond_axe":1,"minecraft:jungle_boat":1,"travelersbackpack:standard":2,"fishofthieves:cooked_pondie":19,"minecraft:smithing_table":2,"minecraft:fletching_table":1,"farmersdelight:beef_patty":9,"minecraft:lectern":2,"minecraft:iron_pickaxe":1,"minecraft:gold_ingot":48,"minecraft:magenta_wool":2,"minecraft:experience_bottle":12,"travelersbackpack:blank_upgrade":4,"securitycraft:universal_block_remover":1,"minecraft:ender_pearl":12,"minecraft:stone_pickaxe":4,"minecraft:diamond_boots":1,"minecraft:redstone_block":1,"fishofthieves:cooked_wildsplash":12,"minecraft:wheat":54,"biomesoplenty:dead_planks":20,"minecraft:cyan_bed":3,"werewolves:silver_ingot":31,"minecraft:enchanted_book":16,"minecraft:jungle_slab":12,"minecraft:wooden_axe":1,"minecraft:iron_leggings":1,"minecraft:white_bed":2,"minecraft:brick":20,"minecraft:oak_planks":99,"minecraft:cobblestone_slab":6,"securitycraft:laser_block":1,"minecraft:iron_boots":1,"minecraft:chest":3,"minecraft:oak_button":7,"minecraft:bricks":5,"travelersbackpack:iron_tier_upgrade":1,"minecraft:crafting_table":12,"minecraft:wooden_pickaxe":2,"minecraft:iron_helmet":1,"minecraft:iron_chestplate":2,"minecraft:diamond_pickaxe":1,"minecraft:stick":631,"minecraft:iron_ingot":202,"minecraft:stone_sword":2,"travelersbackpack:magenta_sleeping_bag":1,"irons_spellbooks:magic_cloth":18,"minecraft:shears":2,"securitycraft:universal_block_reinforcer_lvl1":1,"minecraft:redstone":16,"born_in_chaos_v1:nightmare_mantleofthe_night_boots":1,"minecraft:furnace":5,"alexscaves:cave_map":2,"minecraft:glass_pane":16,"minecraft:flint_and_steel":1,"minecraft:leather":8,"minecraft:iron_axe":1,"untamedwilds:food_bear_cooked":4,"biomesoplenty:dead_door":3,"paraglider:paraglider":1,"minecraft:red_dye":2,"minecraft:cooked_cod":9,"minecraft:diamond_sword":1,"travelersbackpack:backpack_tank":4,"minecraft:bucket":2,"minecraft:stone_axe":2,"minecraft:bread":18,"minecraft:air":4622,"minecraft:jungle_planks":527,"aether:iron_gloves":1,"minecraft:oak_boat":1,"minecraft:white_wool":27,"minecraft:acacia_planks":8,"minecraft:torch":71,"minecraft:lapis_lazuli":4,"minecraft:diamond_chestplate":1},"minecraft:dropped":{"minecraft:porkchop":9,"untamedwilds:material_fat":7,"minecraft:glass_bottle":16,"minecraft:diamond":8,"minecraft:crafting_table":2,"minecraft:cookie":30,"minecraft:fletching_table":1,"minecraft:quartz_pillar":9,"born_in_chaos_v1:pieceofdarkmetal":2,"irons_spellbooks:tarnished_helmet":1,"minecraft:rail":1,"minecraft:red_mushroom":1,"born_in_chaos_v1:monster_flesh":6,"minecraft:dirt":18,"minecraft:dark_oak_trapdoor":16,"revive_hardcore_players:revive_crystal":1,"minecraft:chain":1,"minecraft:jungle_sapling":23,"dungeonsweaponry:suns_grace":1,"minecraft:bone_meal":1,"minecraft:phantom_membrane":9,"minecraft:iron_pickaxe":2,"untamedwilds:food_bear_raw":2,"minecraft:cyan_carpet":9,"sons_of_sins:flesh_of_demise":1,"minecraft:bone":10,"minecraft:stone_axe":4,"alexsmobs:animal_dictionary":1,"minecraft:cobbled_deepslate":103,"minecraft:wheat":7,"minecraft:rotten_flesh":5,"minecraft:oak_planks":12,"minecraft:enchanted_golden_apple":1,"biomesoplenty:glowing_moss_carpet":3,"untamedwilds:hide_ashen":5,"born_in_chaos_v1:fangofthe_hound_leader":3,"minecraft:jungle_log":234,"biomesoplenty:wildflower":1,"minecraft:acacia_sapling":1,"minecraft:leather_leggings":1,"deep_dark_regrowth:mossy_fluorite":44,"dungeonsweaponry:great_axeblade":1,"minecraft:enchanted_book":4,"minecraft:wheat_seeds":28,"evilcraft:condensed_blood":24,"minecraft:iron_helmet":2,"minecraft:cobblestone":28,"minecraft:apple":1,"minecraft:granite":10,"minecraft:spruce_door":5,"minecraft:coal":1,"minecraft:golden_apple":2,"deep_dark_regrowth:pulse_flower_petal":2,"minecraft:polished_andesite":3,"minecraft:jungle_slab":3,"born_in_chaos_v1:gnawed_bones":2,"minecraft:gray_wool":1,"minecraft:wooden_axe":1,"minecraft:rose_bush":5,"minecraft:potion":8,"delightful:acorn":9,"minecraft:oak_stairs":2,"minecraft:mud":1,"minecraft:red_dye":4,"vampirism:ring":1,"minecraft:spruce_sapling":5,"deep_dark_regrowth:apatine":28,"deep_dark_regrowth:apatine_seeds":6,"minecraft:furnace":5,"minecraft:bricks":24,"minecraft:stone_sword":1,"minecraft:deepslate":6,"minecraft:diamond_hoe":1,"born_in_chaos_v1:rotten_fish":3,"minecraft:iron_boots":2,"dungeonsweaponry:glaive":6,"minecraft:damaged_anvil":1,"minecraft:spruce_fence":2,"minecraft:potato":4,"minecraft:stone_bricks":2,"minecraft:spider_eye":5,"minecraft:terracotta":69,"minecraft:moss_block":2,"minecraft:brown_mushroom":1,"minecraft:lantern":4,"minecraft:leather":2,"minecraft:jungle_planks":219,"born_in_chaos_v1:monster_skin":1,"alexscaves:cave_map":1,"fishofthieves:grubs":2,"minecraft:gold_ingot":1,"minecraft:gravel":1,"minecraft:blackstone":46,"minecraft:beetroot":1,"vampirism:blood_bottle":2,"minecraft:mycelium":3,"minecraft:carrot":10,"patchouli:guide_book":1,"minecraft:poppy":1,"deep_dark_regrowth:sculk_soil":16,"minecraft:turtle_helmet":1,"minecraft:gunpowder":1,"minecraft:oak_wood":21,"born_in_chaos_v1:corpse_maggot":9,"minecraft:azalea":4,"doggytalents:rice_grains":9,"deep_dark_regrowth:large_infected_mushroom":8,"minecraft:amethyst_block":3,"delightful:green_tea_leaf":3,"evilcraft:dark_gem":8,"deep_dark_regrowth:short_infected_mushroom":2,"minecraft:spruce_stairs":7,"vampirism:amulet":1,"minecraft:stick":105,"irons_spellbooks:scroll":1,"ars_nouveau:worn_notebook":1,"minecraft:diorite":24,"minecraft:iron_leggings":2,"minecraft:green_carpet":2,"fishofthieves:devilfish":1,"minecraft:iron_axe":1,"minecraft:orange_bed":1,"born_in_chaos_v1:nightmare_mantleofthe_night_boots":2,"minecraft:bucket":2,"minecraft:smooth_basalt":2,"minecraft:redstone":32,"deep_dark_regrowth:sculk_bone":5,"vampirism:obi_belt":3,"minecraft:tuff":12,"minecraft:composter":4,"untamedwilds:hide_white":3,"fishofthieves:fish_bone":1,"minecraft:deepslate_bricks":1,"irons_spellbooks:frostward_ring":1,"minecraft:filled_map":1,"fishofthieves:earthworms":7,"aether:diamond_gloves":1,"minecraft:iron_chestplate":4,"deep_dark_regrowth:exxo_plant":4,"minecraft:quartz_stairs":1,"minecraft:oak_boat":1,"minecraft:oak_sapling":48,"minecraft:spruce_log":2,"minecraft:stone_pickaxe":3,"minecraft:wooden_pickaxe":1,"minecraft:raw_gold":3,"minecraft:calcite":3},"minecraft:used":{"minecraft:peony":1,"minecraft:moss_block":2,"minecraft:chest":1,"minecraft:stone":2,"minecraft:rotten_flesh":7,"minecraft:jungle_slab":2,"minecraft:lava_bucket":11,"minecraft:quartz_pillar":10,"fishofthieves:cooked_pondie":19,"minecraft:bow":339,"minecraft:sweet_berries":1,"minecraft:furnace":16,"minecraft:cooked_cod":16,"born_in_chaos_v1:nightmare_mantleofthe_night_boots":2,"minecraft:diorite":32,"minecraft:damaged_anvil":17,"minecraft:spruce_door":1,"dungeonsweaponry:glaive":3,"minecraft:blackstone":73,"minecraft:wooden_pickaxe":20,"irons_spellbooks:tarnished_helmet":1,"minecraft:composter":1,"minecraft:jungle_boat":3,"minecraft:glow_berries":1,"minecraft:dark_oak_trapdoor":4,"minecraft:sand":2,"securitycraft:universal_block_remover":7,"born_in_chaos_v1:monster_flesh":3,"fishofthieves:wildsplash":1,"minecraft:lectern":497,"biomesoplenty:dead_door":4,"minecraft:diamond_sword":376,"minecraft:smithing_table":2,"minecraft:oak_boat":4,"delightful:acorn":1,"minecraft:iron_bars":1,"minecraft:stone_sword":139,"minecraft:cooked_salmon":1,"minecraft:orange_bed":8,"minecraft:torch":229,"minecraft:brewing_stand":3,"minecraft:jungle_trapdoor":2,"farmersdelight:beef_patty":9,"minecraft:iron_axe":28,"minecraft:jungle_log":33,"minecraft:smooth_basalt":3,"minecraft:diamond_chestplate":3,"minecraft:goat_horn":39,"minecraft:cobbled_deepslate":163,"minecraft:pointed_dripstone":18,"minecraft:water_bucket":349,"minecraft:fletching_table":8,"minecraft:crafting_table":22,"minecraft:white_bed":7,"minecraft:cod":1,"minecraft:spruce_log":4,"minecraft:oak_log":1,"minecraft:mud":1,"minecraft:diamond_pickaxe":2047,"minecraft:oak_button":7,"minecraft:iron_pickaxe":133,"dungeonsweaponry:great_axeblade":15,"minecraft:spruce_trapdoor":2,"werewolves:liver":1,"securitycraft:reinforced_lectern":5,"minecraft:cobblestone":681,"minecraft:potion":356,"travelersbackpack:standard":167,"minecraft:cooked_porkchop":7,"dungeonsweaponry:suns_grace":22,"biomesoplenty:dead_sapling":2,"minecraft:diamond_leggings":4,"fishofthieves:cooked_wildsplash":12,"minecraft:moss_carpet":1,"minecraft:diamond_hoe":2452,"minecraft:bell":7,"minecraft:iron_chestplate":1,"minecraft:jungle_planks":427,"minecraft:carrot":1,"minecraft:pink_terracotta":7,"minecraft:tuff":10,"minecraft:cyan_wool":2,"minecraft:axolotl_bucket":2,"minecraft:obsidian":11,"minecraft:big_dripleaf":2,"minecraft:bricks":6,"minecraft:lantern":5,"minecraft:stone_bricks":5,"minecraft:stripped_acacia_log":2,"minecraft:stone_pickaxe":259,"minecraft:oak_planks":173,"minecraft:ender_pearl":2,"minecraft:diamond_axe":715,"alexscaves:cave_book":1,"biomesoplenty:dead_planks":64,"minecraft:shears":130,"waystones:waystone":8,"minecraft:bread":46,"minecraft:cyan_bed":9,"biomesoplenty:dried_salt":3,"minecraft:air":14,"dungeonsweaponry:dark_katana":232,"minecraft:bone_meal":1,"minecraft:cobweb":3,"minecraft:experience_bottle":17,"minecraft:flint_and_steel":1,"minecraft:tropical_fish":4,"minecraft:spruce_planks":10,"minecraft:dirt":87,"fishofthieves:earthworms":1,"minecraft:spyglass":3,"minecraft:spruce_stairs":1,"minecraft:diamond_helmet":4,"minecraft:oak_wood":1,"minecraft:spruce_fence":1,"minecraft:granite":3,"minecraft:stone_brick_slab":1,"minecraft:wooden_axe":7,"untamedwilds:food_bear_cooked":4,"minecraft:oak_stairs":2,"minecraft:iron_boots":2,"evilcraft:box_of_eternal_closure":3,"evilcraft:flesh_humanoid":1,"alexscaves:spelunkery_table":1,"minecraft:cooked_beef":33,"biomesoplenty:dead_log":22,"minecraft:iron_leggings":1,"minecraft:cooked_mutton":5,"securitycraft:reinforced_cobblestone":2,"minecraft:glass_bottle":349,"minecraft:polished_andesite":1,"minecraft:cobblestone_slab":10,"minecraft:terracotta":13,"minecraft:apple":2,"minecraft:stone_axe":16,"minecraft:turtle_helmet":1,"minecraft:bucket":362,"minecraft:gray_wool":205}},"DataVersion":3465}